code,total,C_score,A_score,N_score,S_score,L_score,I_score,M_score,passed_letters,quarter_yoy,annual_growth_3y,dist_from_250d_high,vol_ratio_5_60,excess_ret_120d,inst_hold_ratio,close,a_source,note,data_date,name,industry,rps_percentile
603893,79,20,15,15,4,20,5,0,"C,A,N,L",61.7,120.4,-7.4,1.02,45.9,,211.28,akshare.stock_financial_analysis_indicator,机构持股无数据，给中性分(5/10),2026-09-28,瑞芯微,半导体,94.0
603259,77,20,15,15,0,20,7,0,"C,A,N,L,I",29.4,36.6,-3.7,0.66,65.0,7.9,161.8,akshare.stock_financial_analysis_indicator,,2026-09-28,药明康德,医疗服务,96.7
600183,73,20,15,8,0,20,10,0,"C,A,N,L,I",130.4,47.1,-29.5,0.73,142.6,14.92,131.95,akshare.stock_financial_analysis_indicator,,2026-09-28,生益科技,元件,100.0
300866,70,20,15,15,0,15,5,0,"C,A,N,L",45.9,30.6,-11.7,0.87,26.4,,121.1,akshare.stock_financial_analysis_indicator,机构持股无数据，给中性分(5/10),2026-09-28,安克创新,消费电子,91.0
600150,70,20,15,15,0,15,5,0,"C,A,N,L",163.5,147.2,-7.8,0.91,22.7,,38.08,akshare.stock_financial_analysis_indicator,机构持股无数据，给中性分(5/10),2026-09-28,中国船舶,航海装备Ⅱ,89.7
688072,68,20,15,8,0,20,5,0,"C,A,N,L",1324.1,39.6,-23.1,0.6,89.2,,653.8,akshare.stock_financial_analysis_indicator,机构持股无数据，给中性分(5/10),2026-09-28,拓荆科技,半导体,99.0
002463,67,20,15,8,0,20,4,0,"C,A,N,L",73.7,43.5,-24.4,0.81,56.3,4.35,117.2,akshare.stock_financial_analysis_indicator,,2026-09-28,沪电股份,元件,95.7
002916,67,20,15,8,0,20,4,0,"C,A,N,L",65.5,31.4,-19.0,0.81,75.1,3.71,370.98,akshare.stock_financial_analysis_indicator,,2026-09-28,深南电路,元件,98.7
688183,65,20,15,8,0,20,2,0,"C,A,N,L",109.4,117.9,-24.9,0.87,33.8,1.01,105.96,akshare.stock_financial_analysis_indicator,,2026-09-28,生益电子,元件,92.7
601628,63,20,15,8,0,10,10,0,"C,A,N,L,I",228.6,130.9,-26.7,0.62,7.0,93.31,36.77,akshare.stock_financial_analysis_indicator,,2026-09-28,中国人寿,保险Ⅱ,71.7
688082,62,20,15,0,0,20,7,0,"C,A,L,I",42.1,28.0,-36.0,0.76,105.8,5.39,286.01,akshare.stock_financial_analysis_indicator,,2026-09-28,盛美上海,半导体,99.3
300308,60,20,15,0,0,20,5,0,"C,A,L",241.7,112.6,-41.0,0.65,34.0,,815.0,akshare.stock_financial_analysis_indicator,机构持股无数据，给中性分(5/10),2026-09-28,中际旭创,通信设备,93.0
000725,60,20,15,0,0,20,5,0,"C,A,L",61.6,521.0,-36.3,0.8,51.7,,5.8,akshare.stock_financial_analysis_indicator,机构持股无数据，给中性分(5/10),2026-09-28,京东方A,光学光电子,94.7
688008,60,20,15,0,0,20,5,0,"C,A,L",72.3,63.6,-33.8,0.86,65.7,,208.6,akshare.stock_financial_analysis_indicator,机构持股无数据，给中性分(5/10),2026-09-28,澜起科技,半导体,97.3
603986,60,20,15,0,0,20,5,0,"C,A,L",1091.5,181.1,-57.3,0.66,46.1,,358.51,akshare.stock_financial_analysis_indicator,机构持股无数据，给中性分(5/10),2026-09-28,兆易创新,半导体,94.3
600030,59,20,10,15,0,10,4,0,"C,A,N,L",69.6,13.3,-12.4,0.6,12.4,2.89,25.94,akshare.stock_financial_analysis_indicator,,2026-09-28,中信证券,证券Ⅱ,78.8
601138,58,20,10,8,0,15,5,0,"C,A,N,L",96.0,22.4,-26.5,0.57,15.6,,58.92,akshare.stock_financial_analysis_indicator,机构持股无数据，给中性分(5/10),2026-09-28,工业富联,消费电子,85.3
300661,58,20,5,8,0,20,5,0,"C,N,L",109.3,7.4,-18.5,0.71,65.2,,117.0,akshare.stock_financial_analysis_indicator,机构持股无数据，给中性分(5/10),2026-09-28,圣邦股份,半导体,97.0
600482,58,20,15,8,0,10,5,0,"C,A,N,L",42.7,119.2,-19.6,0.52,7.0,,33.74,akshare.stock_financial_analysis_indicator,机构持股无数据，给中性分(5/10),2026-09-28,中国动力,其他电源设备Ⅱ,71.7
000776,57,20,10,8,0,15,4,0,"C,A,N,L",80.1,21.4,-18.4,0.59,16.6,2.8,19.81,akshare.stock_financial_analysis_indicator,,2026-09-28,广发证券,证券Ⅱ,86.0
300628,57,12,5,15,0,20,5,0,"C,N,L",22.9,7.4,-1.9,0.51,32.6,,41.1,akshare.stock_financial_analysis_indicator,机构持股无数据，给中性分(5/10),2026-09-28,亿联网络,通信设备,92.3
000338,57,20,15,8,0,10,4,0,"C,A,N,L",36.5,40.2,-29.5,0.79,6.6,3.97,24.62,akshare.stock_financial_analysis_indicator,,2026-09-28,潍柴动力,汽车零部件,70.3
601872,56,20,5,15,4,10,2,0,"C,N,L",227.6,6.5,-9.9,1.12,5.8,1.17,20.65,akshare.stock_financial_analysis_indicator,,2026-09-28,招商轮船,航运港口,69.0
301165,55,20,10,0,0,20,5,0,"C,A,L",53.5,12.4,-30.8,0.42,70.2,,102.37,akshare.stock_financial_analysis_indicator,机构持股无数据，给中性分(5/10),2026-09-28,锐捷网络,通信设备,98.0
688041,55,20,15,0,0,10,10,0,"C,A,L,I",49.7,48.1,-35.1,0.98,12.9,15.18,240.5,akshare.stock_financial_analysis_indicator,,2026-09-28,海光信息,半导体,79.7
000301,55,20,0,15,0,15,5,0,"C,N,L",1065.1,-195.0,-10.2,0.49,17.2,,13.23,akshare.stock_financial_analysis_indicator,机构持股无数据，给中性分(5/10),2026-09-28,东方盛虹,炼化及贸易,86.3
688012,55,20,10,0,0,20,5,0,"C,A,L",300.2,23.7,-31.2,0.53,67.1,,324.5,akshare.stock_financial_analysis_indicator,机构持股无数据，给中性分(5/10),2026-09-28,中微公司,半导体,97.7
601211,55,20,15,8,0,10,2,0,"C,A,N,L",28.7,45.8,-23.1,0.66,7.4,1.04,16.81,akshare.stock_financial_analysis_indicator,,2026-09-28,国泰海通,证券Ⅱ,72.7
300408,55,20,10,0,0,20,5,0,"C,A,L",56.2,21.0,-32.2,0.7,107.1,,115.54,akshare.stock_financial_analysis_indicator,机构持股无数据，给中性分(5/10),2026-09-28,三环集团,元件,99.7
601319,55,20,15,8,0,10,2,0,"C,A,N,L",38.5,28.1,-17.9,0.87,14.9,0.33,8.0,akshare.stock_financial_analysis_indicator,,2026-09-28,中国人保,保险Ⅱ,83.3
002493,55,20,5,15,0,10,5,0,"C,N,L",748.8,3.5,-13.8,0.83,13.4,,13.69,akshare.stock_financial_analysis_indicator,机构持股无数据，给中性分(5/10),2026-09-28,荣盛石化,炼化及贸易,81.0
300502,55,20,15,0,0,15,5,0,"C,A,L",91.0,175.0,-34.5,0.67,24.4,,399.7,akshare.stock_financial_analysis_indicator,机构持股无数据，给中性分(5/10),2026-09-28,新易盛,通信设备,90.7
000333,54,6,10,15,4,15,4,0,"C,A,N,L",1.7,14.3,-7.8,1.09,15.3,2.6,82.0,akshare.stock_financial_analysis_indicator,,2026-09-28,美的集团,白色家电,84.7
603296,53,20,10,8,0,10,5,0,"C,A,N,L",58.8,19.0,-15.8,0.49,12.4,,74.84,akshare.stock_financial_analysis_indicator,机构持股无数据，给中性分(5/10),2026-09-28,华勤技术,消费电子,78.8
601688,53,20,10,8,0,10,5,0,"C,A,N,L",54.9,13.1,-28.7,0.72,5.9,,17.84,akshare.stock_financial_analysis_indicator,机构持股无数据，给中性分(5/10),2026-09-28,华泰证券,证券Ⅱ,69.3
600999,53,20,10,8,0,10,5,0,"C,A,N,L",104.9,15.2,-23.9,0.51,14.5,,16.92,akshare.stock_financial_analysis_indicator,机构持股无数据，给中性分(5/10),2026-09-28,招商证券,证券Ⅱ,82.3
000977,52,20,5,8,0,15,4,0,"C,N,L",269.6,6.7,-25.9,0.44,15.1,3.46,67.05,akshare.stock_financial_analysis_indicator,,2026-09-28,浪潮信息,计算机设备,84.3
002142,52,12,5,15,0,15,5,0,"C,N,L",12.1,8.5,-3.7,0.7,19.6,,34.55,akshare.stock_financial_analysis_indicator,机构持股无数据，给中性分(5/10),2026-09-28,宁波银行,银行Ⅱ,88.0
600900,52,12,10,15,0,10,5,0,"C,A,N,L",13.0,17.7,-3.2,0.73,13.2,,28.55,akshare.stock_financial_analysis_indicator,机构持股无数据，给中性分(5/10),2026-09-28,长江电力,电力,80.5
600919,51,6,10,15,0,15,5,0,"C,A,N,L",8.1,11.3,-3.2,0.98,17.9,,12.22,akshare.stock_financial_analysis_indicator,机构持股无数据，给中性分(5/10),2026-09-28,江苏银行,银行Ⅱ,87.3
601225,50,20,0,15,0,10,5,0,"C,N,L",47.6,-19.2,-6.4,0.7,6.7,,25.85,akshare.stock_financial_analysis_indicator,机构持股无数据，给中性分(5/10),2026-09-28,陕西煤业,煤炭开采,70.7
002422,50,12,10,8,0,15,5,0,"C,A,N,L",12.7,12.6,-24.8,0.69,16.2,,38.6,akshare.stock_financial_analysis_indicator,机构持股无数据，给中性分(5/10),2026-09-28,科伦药业,化学制药,85.7
600795,50,0,15,15,0,15,5,0,"A,N,L",-18.2,32.0,-7.1,0.93,20.4,,5.4,akshare.stock_financial_analysis_indicator,机构持股无数据，给中性分(5/10),2026-09-28,国电电力,电力,88.7
000657,50,20,15,0,0,10,5,0,"C,A,L",280.5,33.2,-50.7,0.74,14.3,,53.25,akshare.stock_financial_analysis_indicator,机构持股无数据，给中性分(5/10),2026-09-28,中钨高新,小金属,81.7
300394,50,20,15,0,0,10,5,0,"C,A,L",33.9,71.5,-30.8,0.62,10.6,,244.8,akshare.stock_financial_analysis_indicator,机构持股无数据，给中性分(5/10),2026-09-28,天孚通信,通信设备,77.0
601838,50,6,5,15,4,15,5,0,"C,N,L",4.3,9.9,-3.7,1.06,21.9,,19.04,akshare.stock_financial_analysis_indicator,机构持股无数据，给中性分(5/10),2026-09-28,成都银行,银行Ⅱ,89.3
002648,49,20,10,15,0,0,4,0,"C,A,N",126.9,23.2,-9.6,0.55,-2.0,3.24,26.79,akshare.stock_financial_analysis_indicator,,2026-09-28,卫星化学,化学原料,54.5
600026,49,20,15,8,4,0,2,0,"C,A,N",143.2,41.9,-16.5,1.06,-13.8,1.17,21.23,akshare.stock_financial_analysis_indicator,,2026-09-28,中远海能,航运港口,33.0
000166,48,20,15,8,0,0,5,0,"C,A,N",33.8,52.3,-19.9,0.73,-2.2,,4.34,akshare.stock_financial_analysis_indicator,机构持股无数据，给中性分(5/10),2026-09-28,申万宏源,证券Ⅱ,54.0
601456,48,20,15,8,0,0,5,0,"C,A,N",25.6,116.0,-24.6,0.76,-2.0,,8.57,akshare.stock_financial_analysis_indicator,机构持股无数据，给中性分(5/10),2026-09-28,国联民生,证券Ⅱ,54.5
002415,48,20,5,8,0,10,5,0,"C,N,L",39.6,5.3,-15.4,0.5,12.9,,32.16,akshare.stock_financial_analysis_indicator,机构持股无数据，给中性分(5/10),2026-09-28,海康威视,计算机设备,79.7
601377,48,20,5,8,0,10,5,0,"C,N,L",60.1,5.5,-24.9,0.75,5.3,,5.74,akshare.stock_financial_analysis_indicator,机构持股无数据，给中性分(5/10),2026-09-28,兴业证券,证券Ⅱ,68.0
000938,48,20,0,8,0,15,5,0,"C,N,L",108.2,-12.7,-29.9,0.4,27.7,,31.46,akshare.stock_financial_analysis_indicator,机构持股无数据，给中性分(5/10),2026-09-28,紫光股份,IT服务Ⅱ,91.3
000100,48,20,0,8,0,15,5,0,"C,N,L",102.2,-9.8,-21.6,0.66,20.5,,4.8,akshare.stock_financial_analysis_indicator,机构持股无数据，给中性分(5/10),2026-09-28,TCL科技,光学光电子,89.0
002074,47,20,15,0,7,0,5,0,"C,A,S",278.1,94.1,-46.9,1.24,-20.3,,26.07,akshare.stock_financial_analysis_indicator,机构持股无数据，给中性分(5/10),2026-09-28,国轩高科,电池,19.0
300033,47,20,15,8,0,0,4,0,"C,A,N",89.8,29.6,-29.2,0.55,-1.6,2.37,198.05,akshare.stock_financial_analysis_indicator,,2026-09-28,同花顺,软件开发,56.2
600176,47,20,0,0,0,20,7,0,"C,L,I",73.9,-12.9,-47.0,0.87,52.1,5.63,39.27,akshare.stock_financial_analysis_indicator,,2026-09-28,中国巨石,玻璃玻纤,95.3
002371,46,6,15,0,0,20,5,0,"C,A,L",5.0,31.6,-32.2,0.48,51.9,,633.93,akshare.stock_financial_analysis_indicator,机构持股无数据，给中性分(5/10),2026-09-28,北方华创,半导体,95.0
601995,46,20,10,8,4,0,4,0,"C,A,N",89.3,15.3,-21.7,1.1,-3.9,2.23,30.5,akshare.stock_financial_analysis_indicator,,2026-09-28,中金公司,证券Ⅱ,51.0
601939,46,6,5,15,0,15,5,0,"C,N,L",4.6,1.7,-1.3,0.73,24.2,,11.0,akshare.stock_financial_analysis_indicator,机构持股无数据，给中性分(5/10),2026-09-28,建设银行,银行Ⅱ,90.3
300476,46,20,15,0,4,0,7,0,"C,A,I",33.3,110.1,-45.7,1.09,-16.6,5.57,213.5,akshare.stock_financial_analysis_indicator,,2026-09-28,胜宏科技,元件,24.8
001965,46,6,5,15,0,15,5,0,"C,N,L",4.0,1.9,-4.6,0.73,17.5,,9.85,akshare.stock_financial_analysis_indicator,机构持股无数据，给中性分(5/10),2026-09-28,招商公路,铁路公路,87.0
600926,46,6,10,15,0,10,5,0,"C,A,N,L",9.9,17.8,-2.4,0.91,6.5,,16.81,akshare.stock_financial_analysis_indicator,机构持股无数据，给中性分(5/10),2026-09-28,杭州银行,银行Ⅱ,70.0
688981,45,20,0,0,0,15,10,0,"C,L,I",94.2,-12.7,-32.6,0.44,24.1,12.84,116.56,akshare.stock_financial_analysis_indicator,,2026-09-28,中芯国际,半导体,90.0
688256,45,20,0,0,0,20,5,0,"C,L",122.6,-210.7,-36.1,0.61,38.2,,1020.0,akshare.stock_financial_report_sina（降级）,机构持股无数据，给中性分(5/10),2026-09-28,寒武纪,半导体,93.3
600958,45,20,15,8,0,0,2,0,"C,A,N",30.5,27.1,-24.6,0.75,-0.5,1.21,8.59,akshare.stock_financial_analysis_indicator,,2026-09-28,东方证券,证券Ⅱ,60.2
600918,45,20,15,8,0,0,2,0,"C,A,N",146.4,66.7,-24.6,0.61,-6.9,1.21,5.34,akshare.stock_financial_analysis_indicator,,2026-09-28,中泰证券,证券Ⅱ,46.3
600160,45,20,15,0,0,5,5,0,"C,A",29.2,54.6,-39.6,0.7,1.2,,33.54,akshare.stock_financial_analysis_indicator,机构持股无数据，给中性分(5/10),2026-09-28,巨化股份,化学制品,64.0
600674,45,0,10,15,0,15,5,0,"A,N,L",-5.3,11.3,0.0,0.81,17.3,,16.56,akshare.stock_financial_analysis_indicator,机构持股无数据，给中性分(5/10),2026-09-28,川投能源,电力,86.7
600584,45,20,0,0,0,20,5,0,"C,L",79.4,-15.8,-38.6,0.56,71.1,,65.43,akshare.stock_financial_analysis_indicator,机构持股无数据，给中性分(5/10),2026-09-28,长电科技,半导体,98.3
600886,45,0,10,15,0,15,5,0,"A,N,L",-6.8,23.1,0.0,0.86,20.3,,15.33,akshare.stock_financial_analysis_indicator,机构持股无数据，给中性分(5/10),2026-09-28,国投电力,电力,88.3
688036,45,20,10,0,0,10,5,0,"C,A,L",46.2,24.4,-46.4,0.64,9.6,,53.72,akshare.stock_financial_analysis_indicator,机构持股无数据，给中性分(5/10),2026-09-28,传音控股,消费电子,75.7
002384,45,20,0,0,0,20,5,0,"C,L",290.1,-11.1,-39.0,0.69,56.6,,168.28,akshare.stock_financial_analysis_indicator,机构持股无数据，给中性分(5/10),2026-09-28,东山精密,元件,96.0
601058,45,12,15,8,0,5,5,0,"C,A,N",18.0,46.9,-24.5,0.89,3.2,,13.21,akshare.stock_financial_analysis_indicator,机构持股无数据，给中性分(5/10),2026-09-28,赛轮轮胎,汽车零部件,65.8
601066,45,20,5,8,0,10,2,0,"C,N,L",69.4,9.0,-23.3,0.39,12.9,0.64,23.03,akshare.stock_financial_analysis_indicator,,2026-09-28,中信建投,证券Ⅱ,79.7
300442,44,20,15,0,4,0,5,0,"C,A",36.4,76.0,-36.4,1.05,-15.1,,65.05,akshare.stock_financial_analysis_indicator,机构持股无数据，给中性分(5/10),2026-09-28,润泽科技,通信服务,28.8
605117,44,20,15,0,4,0,5,0,"C,A",78.5,30.0,-36.5,1.02,-9.5,,77.77,akshare.stock_financial_analysis_indicator,机构持股无数据，给中性分(5/10),2026-09-28,德业股份,光伏设备,40.0
603019,44,20,10,0,0,10,4,0,"C,A,L",33.3,10.2,-35.9,0.41,5.4,2.92,80.02,akshare.stock_financial_analysis_indicator,,2026-09-28,中科曙光,计算机设备,68.3
601988,43,6,5,15,0,15,2,0,"C,N,L",5.1,2.8,-0.7,0.82,19.0,0.48,6.63,akshare.stock_financial_analysis_indicator,,2026-09-28,中国银行,银行Ⅱ,87.7
300750,43,20,15,0,4,0,4,0,"C,A",42.0,32.5,-36.3,1.15,-20.4,2.64,291.99,akshare.stock_financial_analysis_indicator,,2026-09-28,宁德时代,电池,18.0
601878,43,20,10,8,0,0,5,0,"C,A,N",40.2,19.6,-23.5,0.67,-0.8,,8.91,akshare.stock_financial_analysis_indicator,机构持股无数据，给中性分(5/10),2026-09-28,浙商证券,证券Ⅱ,59.0
688111,42,20,10,0,0,5,7,0,"C,A,I",236.9,17.4,-41.2,0.49,0.5,7.79,222.0,akshare.stock_financial_analysis_indicator,,2026-09-28,金山办公,软件开发,63.0
600027,42,0,15,15,0,10,2,0,"A,N,L",-20.5,31.2,-14.8,0.81,13.9,0.69,4.89,akshare.stock_financial_analysis_indicator,,2026-09-28,华电国际,电力,81.3
002241,42,6,15,0,7,10,4,0,"C,A,S,L",3.5,52.9,-40.8,1.34,7.0,2.59,23.15,akshare.stock_financial_analysis_indicator,,2026-09-28,歌尔股份,消费电子,71.7
601901,42,12,15,8,0,5,2,0,"C,A,N",24.1,26.3,-20.5,0.61,0.2,1.91,6.62,akshare.stock_financial_analysis_indicator,,2026-09-28,方正证券,证券Ⅱ,62.0
600233,42,20,5,8,4,0,5,0,"C,N",73.4,2.6,-17.7,1.0,-4.9,,18.03,akshare.stock_financial_analysis_indicator,机构持股无数据，给中性分(5/10),2026-09-28,圆通速递,物流,49.3
601328,41,6,5,15,0,10,5,0,"C,N,L",4.0,1.6,-0.4,0.78,14.9,,7.59,akshare.stock_financial_analysis_indicator,机构持股无数据，给中性分(5/10),2026-09-28,交通银行,银行Ⅱ,83.3
600036,41,6,5,15,0,10,5,0,"C,N,L",2.0,2.8,-2.8,0.61,9.3,,40.64,akshare.stock_financial_analysis_indicator,机构持股无数据，给中性分(5/10),2026-09-28,招商银行,银行Ⅱ,75.2
601009,41,6,5,15,0,10,5,0,"C,N,L",8.2,6.0,-4.0,0.92,11.3,,11.9,akshare.stock_financial_analysis_indicator,机构持股无数据，给中性分(5/10),2026-09-28,南京银行,银行Ⅱ,77.8
601059,41,6,10,8,10,0,7,0,"C,A,N,S,I",7.2,15.6,-23.3,1.91,-3.2,8.98,15.56,akshare.stock_financial_analysis_indicator,,2026-09-28,信达证券,证券Ⅱ,52.0
688396,40,20,0,0,0,15,5,0,"C,L",113.2,-38.3,-42.3,0.63,29.2,,56.31,akshare.stock_financial_analysis_indicator,机构持股无数据，给中性分(5/10),2026-09-28,华润微,半导体,92.0
300999,40,20,5,8,0,0,7,0,"C,N,I",30.7,4.9,-27.6,0.74,-10.9,8.74,24.18,akshare.stock_financial_analysis_indicator,,2026-09-28,金龙鱼,农产品加工,38.0
600346,40,20,15,0,0,0,5,0,"C,A",136.2,66.8,-37.6,0.79,-24.3,,16.42,akshare.stock_financial_analysis_indicator,机构持股无数据，给中性分(5/10),2026-09-28,恒力石化,炼化及贸易,11.3
300832,40,12,5,8,0,10,5,0,"C,N,L",12.5,7.9,-26.9,0.47,11.3,,49.61,akshare.stock_financial_analysis_indicator,机构持股无数据，给中性分(5/10),2026-09-28,新产业,医疗器械,77.8
600460,40,20,0,0,0,15,5,0,"C,L",94.8,-106.2,-42.4,0.73,27.8,,31.4,akshare.stock_financial_analysis_indicator,机构持股无数据，给中性分(5/10),2026-09-28,士兰微,半导体,91.7
601728,40,0,5,15,0,15,5,0,"N,L",-14.9,6.4,-8.6,0.69,15.5,,6.25,akshare.stock_financial_analysis_indicator,机构持股无数据，给中性分(5/10),2026-09-28,中国电信,通信服务,85.0
300450,40,20,15,0,0,0,5,0,"C,A",29.1,124.5,-53.7,0.71,-31.7,,31.2,akshare.stock_financial_analysis_indicator,机构持股无数据，给中性分(5/10),2026-09-28,先导智能,电池,4.0
601077,40,6,5,15,4,5,5,0,"C,N",6.1,5.8,-9.0,1.12,0.3,,6.66,akshare.stock_financial_analysis_indicator,机构持股无数据，给中性分(5/10),2026-09-28,渝农商行,银行Ⅱ,62.5
002602,40,20,15,0,0,0,5,0,"C,A",69.5,262.5,-36.3,0.64,-17.0,,13.87,akshare.stock_financial_analysis_indicator,机构持股无数据，给中性分(5/10),2026-09-28,世纪华通,游戏Ⅱ,24.3
600010,40,20,15,0,0,0,5,0,"C,A",84.6,864.5,-38.0,0.74,-23.9,,2.06,akshare.stock_financial_analysis_indicator,机构持股无数据，给中性分(5/10),2026-09-28,包钢股份,普钢,11.7
002558,40,20,15,0,0,0,5,0,"C,A",176.0,28.5,-54.9,0.55,-27.6,,22.18,akshare.stock_financial_analysis_indicator,机构持股无数据，给中性分(5/10),2026-09-28,巨人网络,游戏Ⅱ,8.0
002532,40,20,15,0,0,0,5,0,"C,A",100.4,31.1,-40.8,0.49,-31.0,,11.75,akshare.stock_financial_analysis_indicator,机构持股无数据，给中性分(5/10),2026-09-28,天山铝业,工业金属,5.3
600489,40,20,15,0,0,0,5,0,"C,A",61.7,35.6,-48.0,0.65,-16.5,,20.95,akshare.stock_financial_analysis_indicator,机构持股无数据，给中性分(5/10),2026-09-28,中金黄金,贵金属,25.7
601318,40,20,10,8,0,0,2,0,"C,A,N",36.1,14.6,-25.8,0.74,-0.5,1.88,52.4,akshare.stock_financial_analysis_indicator,,2026-09-28,中国平安,保险Ⅱ,60.2
601899,39,20,15,0,0,0,4,0,"C,A",68.2,39.2,-30.4,0.57,-4.5,4.73,29.42,akshare.stock_financial_analysis_indicator,,2026-09-28,紫金矿业,工业金属,49.7
000975,39,20,15,0,0,0,4,0,"C,A",51.4,38.5,-41.8,0.63,-21.0,3.56,22.13,akshare.stock_financial_analysis_indicator,,2026-09-28,山金国际,贵金属,16.7
601600,39,20,15,0,0,0,4,0,"C,A",67.9,27.0,-43.8,0.72,-20.3,3.11,8.68,akshare.stock_financial_analysis_indicator,,2026-09-28,中国铝业,工业金属,19.0
600547,39,20,15,0,0,0,4,0,"C,A",26.2,68.6,-56.4,0.96,-31.2,2.85,26.16,akshare.stock_financial_analysis_indicator,,2026-09-28,山东黄金,贵金属,5.0
601998,38,6,5,15,0,10,2,0,"C,N,L",3.1,4.4,0.0,0.82,14.4,0.43,9.07,akshare.stock_financial_analysis_indicator,,2026-09-28,中信银行,银行Ⅱ,82.0
601398,38,6,5,15,0,10,2,0,"C,N,L",3.3,0.9,-0.9,0.69,15.0,0.62,8.15,akshare.stock_financial_analysis_indicator,,2026-09-28,工商银行,银行Ⅱ,84.0
601658,38,6,5,15,0,10,2,0,"C,N,L",4.6,0.9,-10.6,0.77,9.3,0.79,5.32,akshare.stock_financial_analysis_indicator,,2026-09-28,邮储银行,银行Ⅱ,75.2
600011,38,0,15,8,0,10,5,0,"A,N,L",-28.9,46.8,-25.0,0.61,11.2,,6.94,akshare.stock_financial_analysis_indicator,机构持股无数据，给中性分(5/10),2026-09-28,华能国际,电力,77.3
600029,37,20,15,0,0,0,2,0,"C,A",141.1,1643.5,-41.9,0.71,-11.8,1.24,4.82,akshare.stock_financial_analysis_indicator,,2026-09-28,南方航空,航空机场,36.5
603993,37,20,15,0,0,0,2,0,"C,A",86.3,51.8,-36.5,0.58,-0.3,1.92,16.83,akshare.stock_financial_analysis_indicator,,2026-09-28,洛阳钼业,工业金属,61.5
601788,37,20,5,8,0,0,4,0,"C,N",32.5,8.7,-28.0,0.54,-7.0,2.8,13.58,akshare.stock_financial_analysis_indicator,,2026-09-28,光大证券,证券Ⅱ,46.0
600989,37,20,15,0,0,0,2,0,"C,A",70.1,27.0,-33.2,0.61,-22.5,0.93,22.45,akshare.stock_financial_analysis_indicator,,2026-09-28,宝丰能源,化学原料,13.7
601336,37,20,15,0,0,0,2,0,"C,A",54.0,76.0,-32.0,0.55,-0.3,1.17,55.9,akshare.stock_financial_analysis_indicator,,2026-09-28,新华保险,保险Ⅱ,61.5
301308,37,20,0,0,0,10,7,0,"C,L,I",71528.7,-526.8,-56.9,0.62,7.3,5.94,312.0,akshare.stock_financial_analysis_indicator,,2026-09-28,江波龙,半导体,72.3
002475,37,12,10,0,0,10,5,0,"C,A,L",18.0,20.1,-37.6,0.61,5.7,,49.92,akshare.stock_financial_analysis_indicator,机构持股无数据，给中性分(5/10),2026-09-28,立讯精密,消费电子,68.7
000807,37,20,10,0,0,0,7,0,"C,A,I",177.6,13.9,-30.4,0.6,-19.7,7.23,25.37,akshare.stock_financial_analysis_indicator,,2026-09-28,云铝股份,工业金属,20.5
600066,37,0,15,8,7,0,7,0,"A,N,S,I",-3.5,100.3,-27.3,1.5,-21.2,5.63,26.22,akshare.stock_financial_analysis_indicator,,2026-09-28,宇通客车,商用车,16.3
300059,37,20,10,0,0,0,7,0,"C,A,I",44.9,13.1,-36.3,0.64,-0.4,6.45,17.87,akshare.stock_financial_analysis_indicator,,2026-09-28,东方财富,证券Ⅱ,60.8
600018,36,6,0,15,0,10,5,0,"C,N,L",6.0,-4.7,-3.1,0.76,13.2,,5.38,akshare.stock_financial_analysis_indicator,机构持股无数据，给中性分(5/10),2026-09-28,上港集团,航运港口,80.5
601229,36,6,5,15,0,5,5,0,"C,N",0.5,2.7,-5.0,0.66,3.1,,9.51,akshare.stock_financial_analysis_indicator,机构持股无数据，给中性分(5/10),2026-09-28,上海银行,银行Ⅱ,65.3
601169,36,6,0,15,0,10,5,0,"C,N,L",5.6,-6.1,-4.0,0.88,9.1,,5.45,akshare.stock_financial_analysis_indicator,机构持股无数据，给中性分(5/10),2026-09-28,北京银行,银行Ⅱ,74.3
601825,36,6,5,15,0,5,5,0,"C,N",0.9,3.6,-4.9,0.71,2.7,,8.61,akshare.stock_financial_analysis_indicator,机构持股无数据，给中性分(5/10),2026-09-28,沪农商行,银行Ⅱ,64.8
002028,36,12,15,0,4,0,5,0,"C,A",13.2,37.0,-47.9,1.05,-37.0,,121.07,akshare.stock_financial_analysis_indicator,机构持股无数据，给中性分(5/10),2026-09-28,思源电气,电网设备,2.3
000651,35,0,5,15,0,10,5,0,"N,L",-7.9,8.8,-5.0,0.69,10.3,,38.4,akshare.stock_financial_analysis_indicator,机构持股无数据，给中性分(5/10),2026-09-28,格力电器,白色家电,76.3
000538,35,6,10,15,0,0,4,0,"C,A,N",1.9,23.2,-8.7,0.78,-3.1,2.43,50.33,akshare.stock_financial_analysis_indicator,,2026-09-28,云南白药,中药Ⅱ,52.3
600522,35,20,0,0,0,10,5,0,"C,L",52.3,-4.7,-53.7,0.89,6.4,,31.32,akshare.stock_financial_analysis_indicator,机构持股无数据，给中性分(5/10),2026-09-28,中天科技,通信设备,69.7
000988,35,20,10,0,0,0,5,0,"C,A",30.2,17.8,-49.8,0.79,-8.7,,92.61,akshare.stock_financial_analysis_indicator,机构持股无数据，给中性分(5/10),2026-09-28,华工科技,自动化设备,42.7
603799,35,20,10,0,0,0,5,0,"C,A",29.4,13.1,-57.4,0.6,-38.3,,34.14,akshare.stock_financial_analysis_indicator,机构持股无数据，给中性分(5/10),2026-09-28,华友钴业,能源金属,1.7
000001,35,6,0,15,0,10,4,0,"C,N,L",3.3,-2.1,-3.1,0.82,10.4,2.23,11.3,akshare.stock_financial_analysis_indicator,,2026-09-28,平安银行,银行Ⅱ,76.7
601985,35,0,5,15,0,10,5,0,"N,L",-35.7,4.3,-3.4,0.76,7.6,,9.0,akshare.stock_financial_analysis_indicator,机构持股无数据，给中性分(5/10),2026-09-28,中国核电,电力,73.2
000630,35,20,5,0,0,5,5,0,C,107.9,4.1,-37.6,0.62,0.7,,5.69,akshare.stock_financial_analysis_indicator,机构持股无数据，给中性分(5/10),2026-09-28,铜陵有色,工业金属,63.3
002709,35,20,10,0,0,0,5,0,"C,A",967.9,12.8,-52.2,0.55,-27.4,,30.47,akshare.stock_financial_analysis_indicator,机构持股无数据，给中性分(5/10),2026-09-28,天赐材料,电池,8.5
601766,35,12,5,8,0,5,5,0,"C,N",10.3,5.6,-21.2,0.84,3.4,,6.12,akshare.stock_financial_analysis_indicator,机构持股无数据，给中性分(5/10),2026-09-28,中国中车,轨交设备Ⅱ,66.3
600549,35,20,10,0,0,0,5,0,"C,A",127.0,15.6,-53.6,0.59,-16.5,,43.5,akshare.stock_financial_analysis_indicator,机构持股无数据，给中性分(5/10),2026-09-28,厦门钨业,小金属,25.7
600875,35,20,10,0,0,0,5,0,"C,A",42.1,10.6,-47.6,0.53,-31.3,,22.71,akshare.stock_financial_analysis_indicator,机构持股无数据，给中性分(5/10),2026-09-28,东方电气,其他电源设备Ⅱ,4.7
600061,35,20,5,8,0,0,2,0,"C,N",29.3,2.3,-22.5,0.8,-5.1,1.28,6.09,akshare.stock_financial_analysis_indicator,,2026-09-28,国投资本,多元金融,48.7
600188,35,20,0,8,0,5,2,0,"C,N",47.8,-28.7,-26.9,0.55,2.7,1.9,19.66,akshare.stock_financial_analysis_indicator,,2026-09-28,兖矿能源,煤炭开采,64.8
600887,35,0,5,15,0,10,5,0,"N,L",-20.0,9.6,-4.2,0.62,8.5,,27.03,akshare.stock_financial_analysis_indicator,机构持股无数据，给中性分(5/10),2026-09-28,伊利股份,饮料乳品,74.0
601136,35,20,10,0,0,0,5,0,"C,A",37.0,24.8,-41.4,0.8,-10.6,,13.85,akshare.stock_financial_analysis_indicator,机构持股无数据，给中性分(5/10),2026-09-28,首创证券,证券Ⅱ,38.5
600025,35,0,5,15,0,10,5,0,"N,L",-5.0,8.3,-4.5,0.95,7.8,,9.87,akshare.stock_financial_analysis_indicator,机构持股无数据，给中性分(5/10),2026-09-28,华能水电,电力,73.7
600031,34,6,15,8,0,0,5,0,"C,A,N",9.1,25.4,-27.6,0.85,-8.8,,17.19,akshare.stock_financial_analysis_indicator,机构持股无数据，给中性分(5/10),2026-09-28,三一重工,工程机械,42.0
601857,34,12,5,15,0,0,2,0,"C,N",22.0,1.8,-11.0,0.85,-4.0,0.37,11.19,akshare.stock_financial_analysis_indicator,,2026-09-28,中国石油,炼化及贸易,50.7
601288,34,6,5,8,0,10,5,0,"C,N,L",4.9,4.1,-17.2,0.75,6.8,,6.86,akshare.stock_financial_analysis_indicator,机构持股无数据，给中性分(5/10),2026-09-28,农业银行,银行Ⅱ,71.0
600941,34,0,5,15,0,10,4,0,"N,L",-6.3,3.0,-8.3,0.72,9.2,2.23,97.71,akshare.stock_financial_analysis_indicator,,2026-09-28,中国移动,通信服务,74.7
600309,33,20,0,8,0,0,5,0,"C,N",64.3,-5.6,-24.4,0.75,-15.1,,69.4,akshare.stock_financial_analysis_indicator,机构持股无数据，给中性分(5/10),2026-09-28,万华化学,化学制品,28.8
601916,33,6,0,15,0,5,7,0,"C,N,I",2.0,-0.5,-7.8,0.71,2.6,7.84,2.82,akshare.stock_financial_analysis_indicator,,2026-09-28,浙商银行,银行Ⅱ,64.3
002001,32,12,15,0,0,0,5,0,"C,A",11.3,35.5,-33.3,0.55,-28.9,,25.54,akshare.stock_financial_analysis_indicator,机构持股无数据，给中性分(5/10),2026-09-28,新和成,化学制品,6.5
600039,32,12,0,15,0,0,5,0,"C,N",11.2,-12.6,-14.4,0.83,-2.3,,8.62,akshare.stock_financial_analysis_indicator,机构持股无数据，给中性分(5/10),2026-09-28,四川路桥,基础建设,53.7
601601,32,12,15,0,0,0,5,0,"C,A",10.4,32.1,-33.9,0.82,-12.8,,30.5,akshare.stock_financial_analysis_indicator,机构持股无数据，给中性分(5/10),2026-09-28,中国太保,保险Ⅱ,34.3
600009,32,12,15,0,0,0,5,0,"C,A",16.5,47.7,-33.8,0.52,-14.5,,22.36,akshare.stock_financial_analysis_indicator,机构持股无数据，给中性分(5/10),2026-09-28,上海机场,航空机场,30.7
601816,31,6,5,15,0,0,5,0,"C,N",7.2,8.6,-7.9,0.87,-0.8,,4.78,akshare.stock_financial_analysis_indicator,机构持股无数据，给中性分(5/10),2026-09-28,京沪高铁,铁路公路,59.0
002938,31,6,0,0,0,20,5,0,"C,L",4.1,-7.2,-33.6,0.79,60.1,,79.66,akshare.stock_financial_analysis_indicator,机构持股无数据，给中性分(5/10),2026-09-28,鹏鼎控股,元件,96.3
001280,30,20,5,0,0,0,5,0,C,29.1,8.0,-39.9,0.43,-22.2,,60.26,akshare.stock_financial_analysis_indicator,机构持股无数据，给中性分(5/10),2026-09-28,中国铀业,小金属,14.3
300014,30,20,5,0,0,0,5,0,C,105.7,6.1,-47.3,0.77,-18.7,,47.58,akshare.stock_financial_analysis_indicator,机构持股无数据，给中性分(5/10),2026-09-28,亿纬锂能,电池,22.3
000408,30,20,0,8,0,0,2,0,"C,N",102.1,-5.0,-24.1,0.54,-8.8,1.83,69.9,akshare.stock_financial_analysis_indicator,,2026-09-28,藏格矿业,农化制品,42.0
605499,29,12,15,0,0,0,2,0,"C,A",20.7,45.8,-51.8,0.43,-21.8,0.75,111.12,akshare.stock_financial_analysis_indicator,,2026-09-28,东鹏饮料,饮料乳品,15.0
600362,29,20,5,0,0,0,4,0,C,106.8,7.2,-41.1,0.65,-0.9,2.23,40.92,akshare.stock_financial_analysis_indicator,,2026-09-28,江西铜业,工业金属,58.0
600221,29,20,0,0,4,0,5,0,C,374.4,-654.9,-36.3,1.14,-12.5,,1.21,akshare.stock_financial_analysis_indicator,机构持股无数据，给中性分(5/10),2026-09-28,海航控股,航空机场,34.7
600690,29,0,10,8,4,5,2,0,"A,N",-14.3,11.2,-24.8,1.07,3.9,1.13,20.16,akshare.stock_financial_analysis_indicator,,2026-09-28,海尔智家,白色家电,66.7
600415,29,12,15,0,0,0,2,0,"C,A",17.1,64.9,-43.1,0.86,-10.3,1.97,10.84,akshare.stock_financial_analysis_indicator,,2026-09-28,小商品城,一般零售,39.0
002736,29,6,10,8,0,0,5,0,"C,A,N",6.8,22.7,-29.9,0.67,-7.7,,9.68,akshare.stock_financial_analysis_indicator,机构持股无数据，给中性分(5/10),2026-09-28,国信证券,证券Ⅱ,44.8
601919,29,0,0,15,0,10,4,0,"N,L",-23.5,-6.6,-5.5,0.78,14.8,2.4,16.46,akshare.stock_financial_analysis_indicator,,2026-09-28,中远海控,航运港口,82.7
601088,28,6,0,15,0,5,2,0,"C,N",4.1,-8.2,-2.3,0.67,4.7,1.14,48.39,akshare.stock_financial_analysis_indicator,,2026-09-28,中国神华,煤炭开采,67.3
601100,28,6,5,8,4,0,5,0,"C,N",0.5,5.3,-26.9,1.19,-5.7,,90.0,akshare.stock_financial_analysis_indicator,机构持股无数据，给中性分(5/10),2026-09-28,恒立液压,工程机械,47.5
600048,28,0,0,8,10,5,5,0,"N,S",-40.8,-42.6,-29.3,1.76,5.0,,5.61,akshare.stock_financial_analysis_indicator,机构持股无数据，给中性分(5/10),2026-09-28,保利发展,房地产开发,67.7
002230,27,12,10,0,0,0,5,0,"C,A",14.7,24.4,-41.4,0.49,-15.8,,37.25,akshare.stock_financial_analysis_indicator,机构持股无数据，给中性分(5/10),2026-09-28,科大讯飞,软件开发,27.0
002027,27,12,10,0,0,0,5,0,"C,A",17.4,10.8,-40.2,0.67,-19.8,,4.68,akshare.stock_financial_analysis_indicator,机构持股无数据，给中性分(5/10),2026-09-28,分众传媒,广告营销,20.0
601727,27,12,10,0,0,0,5,0,"C,A",18.2,19.8,-40.1,0.89,-14.1,,6.44,akshare.stock_financial_analysis_indicator,机构持股无数据，给中性分(5/10),2026-09-28,上海电气,其他电源设备Ⅱ,32.3
600426,27,20,0,0,0,0,7,0,"C,I",50.0,-13.2,-38.5,0.77,-31.4,9.26,19.4,akshare.stock_financial_analysis_indicator,,2026-09-28,华鲁恒升,农化制品,4.3
600660,27,0,15,8,0,0,4,0,"A,N",-17.4,25.3,-24.9,0.67,-1.7,2.89,52.91,akshare.stock_financial_analysis_indicator,,2026-09-28,福耀玻璃,汽车零部件,55.2
000768,27,0,15,8,0,0,4,0,"A,N",-28.9,32.0,-26.2,0.9,-0.8,3.17,22.92,akshare.stock_financial_analysis_indicator,,2026-09-28,中航西飞,航空装备Ⅱ,59.0
002202,26,12,10,0,0,0,4,0,"C,A",24.7,15.8,-50.5,0.51,-21.7,3.23,17.23,akshare.stock_financial_analysis_indicator,,2026-09-28,金风科技,风电设备,15.3
002594,25,0,15,8,0,0,2,0,"A,N",-20.5,30.3,-24.6,0.65,-12.4,1.47,83.35,akshare.stock_financial_analysis_indicator,,2026-09-28,比亚迪,乘用车,35.0
600015,25,0,5,15,0,0,5,0,N,-18.4,2.9,-13.6,0.66,-9.7,,6.18,akshare.stock_financial_analysis_indicator,机构持股无数据，给中性分(5/10),2026-09-28,华夏银行,银行Ⅱ,39.5
603260,25,20,0,0,0,0,5,0,C,181.7,-120.6,-52.8,0.57,-25.9,,30.91,akshare.stock_financial_analysis_indicator,机构持股无数据，给中性分(5/10),2026-09-28,合盛硅业,化学制品,10.3
000858,25,20,0,0,0,0,5,0,C,89.3,-18.0,-42.1,0.51,-28.6,,68.91,akshare.stock_financial_analysis_indicator,机构持股无数据，给中性分(5/10),2026-09-28,五粮液,白酒Ⅱ,7.0
600111,25,20,0,0,0,0,5,0,C,120.5,-6.1,-42.8,0.64,-26.3,,35.57,akshare.stock_financial_analysis_indicator,机构持股无数据，给中性分(5/10),2026-09-28,北方稀土,小金属,9.5
000617,25,20,0,0,0,0,5,0,C,29.0,-5.4,-44.0,0.6,-40.7,,6.54,akshare.stock_financial_analysis_indicator,机构持股无数据，给中性分(5/10),2026-09-28,中油资本,多元金融,1.0
688126,25,0,0,0,0,20,5,0,L,-163.3,-425.6,-42.0,0.58,43.6,,23.83,akshare.stock_financial_analysis_indicator,机构持股无数据，给中性分(5/10),2026-09-28,沪硅产业,半导体,93.7
000999,25,0,10,8,0,0,7,0,"A,N,I",-8.0,18.8,-21.1,0.59,-11.4,6.96,23.49,akshare.stock_financial_analysis_indicator,,2026-09-28,华润三九,中药Ⅱ,37.0
601360,25,20,0,0,0,0,5,0,C,176.5,-26.2,-35.2,0.9,-9.4,,8.95,akshare.stock_financial_report_sina（降级）,机构持股无数据，给中性分(5/10),2026-09-28,三六零,软件开发,40.3
002236,25,0,15,8,0,0,2,0,"A,N",-3.7,67.5,-25.6,0.55,-3.7,1.94,15.22,akshare.stock_financial_analysis_indicator,,2026-09-28,大华股份,计算机设备,51.3
000792,25,20,0,0,0,0,5,0,C,137.9,-6.0,-42.7,0.69,-34.3,,23.13,akshare.stock_financial_analysis_indicator,机构持股无数据，给中性分(5/10),2026-09-28,盐湖股份,农化制品,2.8
600016,25,0,0,15,0,5,5,0,N,-8.6,-5.0,-14.0,0.79,0.3,,3.44,akshare.stock_financial_analysis_indicator,机构持股无数据，给中性分(5/10),2026-09-28,民生银行,银行Ⅱ,62.5
600118,25,20,0,0,0,0,5,0,C,213.4,-85.4,-53.8,0.58,-23.3,,56.11,akshare.stock_financial_analysis_indicator,机构持股无数据，给中性分(5/10),2026-09-28,中国卫星,航天装备Ⅱ,12.3
600276,25,6,15,0,0,0,4,0,"C,A",0.3,27.3,-38.2,0.74,-18.2,3.81,44.47,akshare.stock_financial_analysis_indicator,,2026-09-28,恒瑞医药,化学制药,23.7
601166,25,0,0,15,0,5,5,0,N,-4.7,-5.2,-12.9,0.59,0.8,,17.77,akshare.stock_financial_analysis_indicator,机构持股无数据，给中性分(5/10),2026-09-28,兴业银行,银行Ⅱ,63.7
300418,25,20,0,0,0,0,5,0,C,227.2,-101.4,-37.7,0.65,-12.3,,40.36,akshare.stock_financial_analysis_indicator,机构持股无数据，给中性分(5/10),2026-09-28,昆仑万维,数字媒体,35.5
002460,24,20,0,0,0,0,4,0,C,901.4,-117.6,-54.1,0.64,-44.5,3.61,41.9,akshare.stock_financial_analysis_indicator,,2026-09-28,赣锋锂业,能源金属,0.7
601881,24,12,10,0,0,0,2,0,"C,A",20.2,17.9,-34.8,0.69,-2.9,1.68,11.58,akshare.stock_financial_analysis_indicator,,2026-09-28,中国银河,证券Ⅱ,53.0
600000,24,6,5,8,0,0,5,0,"C,N",4.1,1.5,-28.0,0.92,-1.6,,9.16,akshare.stock_financial_analysis_indicator,机构持股无数据，给中性分(5/10),2026-09-28,浦发银行,银行Ⅱ,56.2
600406,24,6,5,8,0,0,5,0,"C,N",4.1,8.7,-26.7,0.72,-7.3,,22.64,akshare.stock_financial_analysis_indicator,机构持股无数据，给中性分(5/10),2026-09-28,国电南瑞,电网设备,45.7
603288,24,6,5,8,0,0,5,0,"C,N",7.1,4.8,-20.2,0.72,-16.6,,32.93,akshare.stock_financial_analysis_indicator,机构持股无数据，给中性分(5/10),2026-09-28,海天味业,调味发酵品Ⅱ,24.8
002466,24,20,0,0,0,0,4,0,C,4925.5,-58.8,-51.8,0.53,-28.2,3.64,39.41,akshare.stock_financial_analysis_indicator,,2026-09-28,天齐锂业,能源金属,7.7
300433,24,0,10,0,0,10,4,0,"A,L",-49.5,17.2,-42.8,0.75,14.9,2.94,31.6,akshare.stock_financial_analysis_indicator,,2026-09-28,蓝思科技,消费电子,83.3
601607,24,0,5,15,0,0,4,0,N,-21.4,2.1,-10.7,0.65,-3.3,2.74,15.89,akshare.stock_financial_analysis_indicator,,2026-09-28,上海医药,医药商业,51.7
601117,24,6,5,8,0,0,5,0,"C,N",1.4,7.1,-28.7,0.63,-19.2,,7.13,akshare.stock_financial_analysis_indicator,机构持股无数据，给中性分(5/10),2026-09-28,中国化学,专业工程,21.5
002920,23,6,15,0,0,0,2,0,"C,A",1.8,28.4,-46.5,0.49,-19.2,0.89,80.0,akshare.stock_financial_analysis_indicator,,2026-09-28,德赛西威,汽车零部件,21.5
600196,23,6,5,8,0,0,4,0,"C,N",1.1,5.2,-26.5,0.9,-9.2,4.67,23.24,akshare.stock_financial_analysis_indicator,,2026-09-28,复星医药,化学制药,41.0
600600,23,6,5,8,0,0,4,0,"C,N",0.4,7.5,-23.8,0.58,-15.3,3.24,49.7,akshare.stock_financial_analysis_indicator,,2026-09-28,青岛啤酒,非白酒,28.2
003816,23,6,0,15,0,0,2,0,"C,N",2.7,-0.5,-10.9,0.81,-0.9,0.58,4.26,akshare.stock_financial_analysis_indicator,,2026-09-28,中国广核,电力,58.0
601877,22,12,5,0,0,0,5,0,C,22.2,9.2,-39.3,0.51,-18.3,,24.45,akshare.stock_financial_analysis_indicator,机构持股无数据，给中性分(5/10),2026-09-28,正泰电器,电网设备,23.3
001391,22,0,10,0,7,0,5,0,"A,S",-26.0,13.0,-42.9,1.22,-23.2,,3.81,akshare.stock_financial_analysis_indicator,机构持股无数据，给中性分(5/10),2026-09-28,国货航,物流,12.8
002625,22,0,10,0,7,0,5,0,"A,S",-17.4,24.0,-60.9,1.22,-37.5,,22.47,akshare.stock_financial_analysis_indicator,机构持股无数据，给中性分(5/10),2026-09-28,光启技术,航空装备Ⅱ,2.0
600893,22,20,0,0,0,0,2,0,C,59.3,-16.0,-37.6,0.87,-14.5,1.75,38.68,akshare.stock_financial_analysis_indicator,,2026-09-28,航发动力,航空装备Ⅱ,30.7
600938,22,12,0,8,0,0,2,0,"C,N",23.4,-4.2,-21.5,0.66,-12.1,1.86,33.5,akshare.stock_financial_analysis_indicator,,2026-09-28,中国海油,油气开采Ⅱ,36.0
600028,22,12,0,8,0,0,2,0,"C,N",19.3,-21.4,-29.2,0.88,-4.2,0.55,5.41,akshare.stock_financial_analysis_indicator,,2026-09-28,中国石化,炼化及贸易,50.0
000963,21,6,10,0,0,0,5,0,"C,A",2.5,10.9,-35.9,0.67,-19.9,,27.02,akshare.stock_financial_analysis_indicator,机构持股无数据，给中性分(5/10),2026-09-28,华东医药,化学制药,19.7
600104,20,0,15,0,0,0,5,0,A,-14.4,38.6,-42.7,0.65,-18.6,,10.77,akshare.stock_financial_analysis_indicator,机构持股无数据，给中性分(5/10),2026-09-28,上汽集团,乘用车,22.7
300251,20,0,15,0,0,0,5,0,A,-98.5,216.6,-59.6,0.43,-23.2,,10.87,akshare.stock_financial_analysis_indicator,机构持股无数据，给中性分(5/10),2026-09-28,光线传媒,影视院线,12.8
002837,20,0,15,0,0,0,5,0,A,-14.3,25.2,-41.5,0.67,-14.3,,54.36,akshare.stock_financial_analysis_indicator,机构持股无数据，给中性分(5/10),2026-09-28,英维克,专用设备,31.8
300274,20,0,15,0,0,0,5,0,A,-32.0,65.8,-60.1,0.79,-30.7,,81.06,akshare.stock_financial_analysis_indicator,机构持股无数据，给中性分(5/10),2026-09-28,阳光电源,光伏设备,5.7
603369,20,0,5,0,0,10,5,0,L,-6.6,3.5,-34.1,0.67,9.7,,26.64,akshare.stock_financial_analysis_indicator,机构持股无数据，给中性分(5/10),2026-09-28,今世缘,白酒Ⅱ,76.0
002352,20,0,10,8,0,0,2,0,"A,N",-4.1,18.8,-24.1,0.55,-15.0,1.97,30.44,akshare.stock_financial_analysis_indicator,,2026-09-28,顺丰控股,物流,29.5
002353,20,0,5,0,0,10,5,0,L,-3.6,6.4,-36.4,0.97,11.5,,110.4,akshare.stock_financial_analysis_indicator,机构持股无数据，给中性分(5/10),2026-09-28,杰瑞股份,专用设备,78.3
601818,20,0,0,15,0,0,5,0,N,-24.0,-4.5,-14.1,0.62,-1.6,,2.99,akshare.stock_financial_analysis_indicator,机构持股无数据，给中性分(5/10),2026-09-28,光大银行,银行Ⅱ,56.2
603501,20,0,15,0,0,0,5,0,A,-39.9,161.1,-46.3,0.53,-8.8,,80.75,akshare.stock_financial_analysis_indicator,机构持股无数据，给中性分(5/10),2026-09-28,豪威集团,半导体,42.0
601006,19,6,0,8,0,0,5,0,"C,N",3.4,-17.4,-20.9,0.77,-5.1,,4.65,akshare.stock_financial_analysis_indicator,机构持股无数据，给中性分(5/10),2026-09-28,大秦铁路,铁路公路,48.7
601127,19,0,15,0,0,0,4,0,A,-158.4,29.7,-73.4,0.75,-45.2,2.36,45.09,akshare.stock_financial_analysis_indicator,,2026-09-28,赛力斯,乘用车,0.3
300803,19,0,15,0,0,0,4,0,A,-12.2,27.2,-54.7,0.97,-15.9,3.67,53.97,akshare.stock_financial_analysis_indicator,,2026-09-28,指南针,软件开发,26.3
302132,19,0,15,0,0,0,4,0,A,-22.3,978.9,-35.3,0.74,-8.4,3.11,58.73,akshare.stock_financial_analysis_indicator,,2026-09-28,中航成飞,航空装备Ⅱ,43.3
600519,18,0,5,8,0,0,5,0,N,-1.9,9.8,-18.1,0.75,-9.3,,1243.88,akshare.stock_financial_analysis_indicator,机构持股无数据，给中性分(5/10),2026-09-28,贵州茅台,白酒Ⅱ,40.7
600741,18,0,5,8,0,0,5,0,N,-8.7,0.9,-25.2,0.79,-18.1,,14.98,akshare.stock_financial_analysis_indicator,机构持股无数据，给中性分(5/10),2026-09-28,华域汽车,汽车零部件,24.0
600023,18,0,0,8,0,5,5,0,N,-57.2,-0.8,-18.3,0.99,3.2,,5.19,akshare.stock_financial_analysis_indicator,机构持股无数据，给中性分(5/10),2026-09-28,浙能电力,电力,65.8
601018,18,0,5,8,0,0,5,0,N,-2.1,6.8,-17.7,0.86,-7.7,,3.43,akshare.stock_financial_analysis_indicator,机构持股无数据，给中性分(5/10),2026-09-28,宁波港,航运港口,44.8
688009,17,0,5,8,0,0,4,0,N,-9.1,1.2,-24.4,0.56,-8.6,4.5,4.66,akshare.stock_financial_analysis_indicator,,2026-09-28,中国通号,轨交设备Ⅱ,43.0
603392,17,12,0,0,0,0,5,0,C,10.9,-215.0,-55.1,0.94,-28.9,,26.69,akshare.stock_financial_analysis_indicator,机构持股无数据，给中性分(5/10),2026-09-28,万泰生物,医疗器械,6.5
002049,17,12,0,0,0,0,5,0,C,15.3,-12.0,-36.6,0.42,-8.0,,58.63,akshare.stock_financial_analysis_indicator,机构持股无数据，给中性分(5/10),2026-09-28,紫光国微,半导体,43.7
600372,17,0,15,0,0,0,2,0,A,-5.3,35.4,-31.8,0.76,-9.1,0.88,11.24,akshare.stock_financial_analysis_indicator,,2026-09-28,中航机载,航空装备Ⅱ,41.3
601021,17,0,5,0,7,0,5,0,S,-10.8,1.3,-31.1,1.35,-7.8,,40.44,akshare.stock_financial_analysis_indicator,机构持股无数据，给中性分(5/10),2026-09-28,春秋航空,航空机场,44.2
688047,17,12,0,0,0,0,5,0,C,24.0,-736.6,-48.3,0.97,-19.1,,99.91,akshare.stock_financial_analysis_indicator,机构持股无数据，给中性分(5/10),2026-09-28,龙芯中科,半导体,22.0
000157,17,0,15,0,0,0,2,0,A,-24.0,30.6,-39.4,0.73,-24.9,1.21,5.9,akshare.stock_financial_analysis_indicator,,2026-09-28,中联重科,工程机械,11.0
300413,17,0,5,0,7,0,5,0,S,-73.6,8.7,-46.6,1.35,-5.1,,18.76,akshare.stock_financial_analysis_indicator,机构持股无数据，给中性分(5/10),2026-09-28,芒果超媒,数字媒体,48.7
000708,16,6,0,8,0,0,2,0,"C,N",6.8,-4.4,-25.7,0.75,-14.5,1.59,12.79,akshare.stock_financial_analysis_indicator,,2026-09-28,中信特钢,特钢Ⅱ,30.7
601898,16,6,0,8,0,0,2,0,"C,N",5.8,-4.7,-25.7,0.57,-20.4,0.62,14.18,akshare.stock_financial_analysis_indicator,,2026-09-28,中煤能源,煤炭开采,18.0
601888,16,12,0,0,0,0,4,0,C,19.5,-13.3,-47.2,0.46,-22.4,3.85,50.79,akshare.stock_financial_analysis_indicator,,2026-09-28,中国中免,旅游零售Ⅱ,14.0
000425,15,0,10,0,0,0,5,0,A,-9.1,16.0,-42.9,0.88,-25.3,,7.06,akshare.stock_financial_analysis_indicator,机构持股无数据，给中性分(5/10),2026-09-28,徐工机械,工程机械,10.7
600809,15,0,10,0,0,0,5,0,A,-24.3,15.2,-44.4,0.53,-15.8,,110.26,akshare.stock_financial_analysis_indicator,机构持股无数据，给中性分(5/10),2026-09-28,山西汾酒,白酒Ⅱ,27.0
600570,15,6,5,0,0,0,4,0,C,0.1,8.2,-44.5,0.54,-20.5,2.33,19.42,akshare.stock_financial_analysis_indicator,,2026-09-28,恒生电子,软件开发,17.3
600050,15,0,5,8,0,0,2,0,N,-34.8,7.8,-24.4,0.66,-4.1,1.83,4.13,akshare.stock_financial_analysis_indicator,,2026-09-28,中国联通,通信服务,50.3
301269,15,0,0,0,0,10,5,0,L,-1568.9,-27.2,-36.4,0.44,7.6,,86.45,akshare.stock_financial_analysis_indicator,机构持股无数据，给中性分(5/10),2026-09-28,华大九天,软件开发,73.2
601689,15,0,10,0,0,0,5,0,A,-21.0,19.6,-43.9,0.94,-14.6,,46.5,akshare.stock_financial_analysis_indicator,机构持股无数据，给中性分(5/10),2026-09-28,拓普集团,汽车零部件,30.0
002311,15,0,10,0,0,0,5,0,A,-39.0,16.9,-35.6,0.8,-12.9,,41.38,akshare.stock_financial_analysis_indicator,机构持股无数据，给中性分(5/10),2026-09-28,海大集团,饲料,34.0
688271,15,0,10,0,0,0,5,0,A,-10.1,10.4,-32.5,0.81,-0.9,,105.88,akshare.stock_financial_analysis_indicator,机构持股无数据，给中性分(5/10),2026-09-28,联影医疗,医疗器械,58.0
300015,15,0,10,0,0,0,5,0,A,-33.8,10.4,-37.9,0.55,-13.3,,7.86,akshare.stock_financial_analysis_indicator,机构持股无数据，给中性分(5/10),2026-09-28,爱尔眼科,医疗服务,33.7
000002,14,0,0,0,10,0,4,0,S,-25.1,-191.8,-47.4,3.95,-0.4,3.15,3.71,akshare.stock_financial_analysis_indicator,,2026-09-28,万科A,房地产开发,60.8
002050,14,0,10,0,0,0,4,0,A,-3.1,16.8,-39.1,0.71,-12.3,3.89,35.44,akshare.stock_financial_analysis_indicator,,2026-09-28,三花智控,家电零部件Ⅱ,35.5
601633,14,0,10,0,0,0,4,0,A,-61.1,14.5,-44.3,0.87,-29.6,2.42,13.79,akshare.stock_financial_analysis_indicator,,2026-09-28,长城汽车,乘用车,6.0
600219,14,0,10,0,0,0,4,0,A,-14.4,15.9,-43.5,0.48,-22.0,3.52,4.49,akshare.stock_financial_analysis_indicator,,2026-09-28,南山铝业,工业金属,14.7
300498,13,0,0,8,0,0,5,0,N,-225.7,-128.1,-21.6,0.54,-5.7,,14.91,akshare.stock_financial_analysis_indicator,机构持股无数据，给中性分(5/10),2026-09-28,温氏股份,养殖业,47.5
600905,13,0,0,8,0,0,5,0,N,-68.0,-18.6,-21.7,0.71,-10.6,,3.53,akshare.stock_financial_analysis_indicator,机构持股无数据，给中性分(5/10),2026-09-28,三峡能源,电力,38.5
601186,13,0,0,8,0,0,5,0,N,-18.8,-11.4,-23.8,0.59,-7.8,,5.93,akshare.stock_financial_analysis_indicator,机构持股无数据，给中性分(5/10),2026-09-28,中国铁建,基础建设,44.2
601668,13,0,0,8,0,0,5,0,N,-24.3,-7.7,-22.0,0.81,-7.6,,4.22,akshare.stock_financial_analysis_indicator,机构持股无数据，给中性分(5/10),2026-09-28,中国建筑,房屋建设Ⅱ,45.3
600019,13,0,0,8,0,0,5,0,N,-6.3,-2.2,-21.1,0.81,-1.7,,5.8,akshare.stock_financial_analysis_indicator,机构持股无数据，给中性分(5/10),2026-09-28,宝钢股份,普钢,55.2
600760,12,0,10,0,0,0,2,0,A,-58.4,15.8,-39.1,0.7,-6.3,1.76,43.34,akshare.stock_financial_analysis_indicator,,2026-09-28,中航沈飞,航空装备Ⅱ,47.0
600803,12,0,0,8,0,0,4,0,N,-13.3,-2.4,-17.3,0.6,-6.5,2.2,18.74,akshare.stock_financial_analysis_indicator,,2026-09-28,新奥股份,燃气Ⅱ,46.7
002179,12,0,0,8,0,0,4,0,N,-22.1,-3.8,-28.0,0.63,-1.6,4.53,33.27,akshare.stock_financial_analysis_indicator,,2026-09-28,中航光电,军工电子Ⅱ,56.2
002600,12,0,10,0,0,0,2,0,A,-17.9,15.7,-34.3,0.53,-2.4,0.66,12.01,akshare.stock_financial_analysis_indicator,,2026-09-28,领益智造,消费电子,53.3
601111,11,0,5,0,4,0,2,0,,-26.6,1.2,-38.5,1.08,-11.8,0.96,5.76,akshare.stock_financial_report_sina（降级）,,2026-09-28,中国国航,航空机场,36.5
001979,11,0,0,0,7,0,4,0,S,-63.5,-45.7,-33.7,1.37,-5.3,2.57,7.19,akshare.stock_financial_analysis_indicator,,2026-09-28,招商蛇口,房地产开发,48.0
002714,10,0,0,8,0,0,2,0,N,-157.7,-72.2,-25.2,0.55,-0.7,1.9,41.71,akshare.stock_financial_analysis_indicator,,2026-09-28,牧原股份,养殖业,59.7
000895,10,0,0,8,0,0,2,0,N,-0.8,-3.2,-17.0,0.73,-9.7,1.47,23.57,akshare.stock_financial_analysis_indicator,,2026-09-28,双汇发展,食品加工,39.5
000596,10,0,5,0,0,0,5,0,,-40.9,10.0,-45.4,0.51,-11.1,,87.9,akshare.stock_financial_analysis_indicator,机构持股无数据，给中性分(5/10),2026-09-28,古井贡酒,白酒Ⅱ,37.7
000568,10,0,5,0,0,0,5,0,,-43.4,3.2,-47.8,0.73,-26.3,,69.96,akshare.stock_financial_analysis_indicator,机构持股无数据，给中性分(5/10),2026-09-28,泸州老窖,白酒Ⅱ,9.5
300760,10,0,0,0,0,5,5,0,,-5.4,-2.0,-34.7,0.64,4.4,,158.29,akshare.stock_financial_analysis_indicator,机构持股无数据，给中性分(5/10),2026-09-28,迈瑞医疗,医疗器械,67.0
600845,10,0,0,8,0,0,2,0,N,-0.8,-12.3,-27.2,0.92,-14.3,1.18,18.01,akshare.stock_financial_analysis_indicator,,2026-09-28,宝信软件,IT服务Ⅱ,31.8
688506,10,0,0,0,0,0,10,0,I,-46.4,-128.4,-38.3,0.99,-20.3,19.25,239.53,akshare.stock_financial_analysis_indicator,,2026-09-28,百利天恒,生物制品,19.0
300124,10,0,5,0,0,0,5,0,,-5.3,6.8,-40.8,0.92,-16.5,,52.29,akshare.stock_financial_analysis_indicator,机构持股无数据，给中性分(5/10),2026-09-28,汇川技术,自动化设备,25.7
300896,9,0,5,0,0,0,4,0,,-24.8,6.1,-51.2,0.6,-15.3,2.91,91.63,akshare.stock_financial_analysis_indicator,,2026-09-28,爱美客,医疗美容,28.2
600588,8,6,0,0,0,0,2,0,C,1.7,-515.1,-52.1,0.71,-18.5,1.32,9.11,akshare.stock_financial_analysis_indicator,,2026-09-28,用友网络,软件开发,23.0
688223,5,0,0,0,0,0,5,0,,-5.8,-1541.0,-56.9,0.79,-38.4,,3.68,akshare.stock_financial_analysis_indicator,机构持股无数据，给中性分(5/10),2026-09-28,晶科能源,光伏设备,1.3
000625,5,0,0,0,0,0,5,0,,-64.3,-20.4,-46.0,0.65,-26.0,,7.05,akshare.stock_financial_analysis_indicator,机构持股无数据，给中性分(5/10),2026-09-28,长安汽车,乘用车,10.0
600085,5,0,0,0,0,0,5,0,,-23.2,-7.6,-32.5,0.43,-11.2,,23.33,akshare.stock_financial_analysis_indicator,机构持股无数据，给中性分(5/10),2026-09-28,同仁堂,中药Ⅱ,37.3
600436,5,0,0,0,0,0,5,0,,-24.2,-3.5,-41.0,0.32,-19.4,,116.66,akshare.stock_financial_analysis_indicator,机构持股无数据，给中性分(5/10),2026-09-28,片仔癀,中药Ⅱ,21.0
600438,5,0,0,0,0,0,5,0,,-3.3,-94.0,-59.3,0.56,-27.0,,11.06,akshare.stock_financial_analysis_indicator,机构持股无数据，给中性分(5/10),2026-09-28,通威股份,光伏设备,9.0
600515,5,0,0,0,0,0,5,0,,-7.0,-50.8,-52.6,0.87,-22.8,,2.66,akshare.stock_financial_analysis_indicator,机构持股无数据，给中性分(5/10),2026-09-28,海南机场,航空机场,13.3
600930,5,0,0,0,0,0,5,0,,-38.5,-2.6,-48.3,0.71,-34.3,,3.81,akshare.stock_financial_analysis_indicator,机构持股无数据，给中性分(5/10),2026-09-28,华电新能,电力,2.8
600115,5,0,0,0,0,0,5,0,,-52.3,-60.7,-48.2,0.9,-19.7,,3.31,akshare.stock_financial_report_sina（降级）,机构持股无数据，给中性分(5/10),2026-09-28,中国东航,航空机场,20.5
600089,5,0,0,0,0,0,5,0,,-19.8,-15.3,-46.5,0.53,-28.5,,17.26,akshare.stock_financial_analysis_indicator,机构持股无数据，给中性分(5/10),2026-09-28,特变电工,电网设备,7.3
601012,5,0,0,0,0,0,5,0,,-43.4,-104.4,-52.6,0.76,-33.0,,10.81,akshare.stock_financial_analysis_indicator,机构持股无数据，给中性分(5/10),2026-09-28,隆基绿能,光伏设备,3.3
688521,5,0,0,0,0,0,5,0,,-91.4,-501.6,-48.0,0.92,-14.0,,193.0,akshare.stock_financial_analysis_indicator,机构持股无数据，给中性分(5/10),2026-09-28,芯原股份,半导体,32.7
688303,5,0,0,0,0,0,5,0,,-39.1,-108.5,-52.5,0.86,-21.4,,15.5,akshare.stock_financial_analysis_indicator,机构持股无数据，给中性分(5/10),2026-09-28,大全能源,光伏设备,16.0
301236,5,0,0,0,0,0,5,0,,-85.6,-30.2,-37.9,0.62,-1.1,,35.55,akshare.stock_financial_analysis_indicator,机构持股无数据，给中性分(5/10),2026-09-28,软通动力,IT服务Ⅱ,57.3
300316,5,0,0,0,0,0,5,0,,-63.7,-15.0,-37.6,0.73,-3.0,,38.7,akshare.stock_financial_analysis_indicator,机构持股无数据，给中性分(5/10),2026-09-28,晶盛机电,光伏设备,52.7
688472,5,0,0,0,0,0,5,0,,-59.0,-13.9,-65.6,0.58,-31.8,,8.18,akshare.stock_financial_analysis_indicator,机构持股无数据，给中性分(5/10),2026-09-28,阿特斯,光伏设备,3.7
300122,5,0,0,0,0,0,5,0,,-33.4,-299.5,-42.9,0.94,-15.8,,12.93,akshare.stock_financial_analysis_indicator,机构持股无数据，给中性分(5/10),2026-09-28,智飞生物,生物制品,27.0
601669,5,0,0,0,0,0,5,0,,-29.6,-5.2,-35.7,0.56,-15.4,,4.52,akshare.stock_financial_analysis_indicator,机构持股无数据，给中性分(5/10),2026-09-28,中国电建,基础建设,27.7
002304,5,0,0,0,0,0,5,0,,-40.1,-31.3,-46.5,0.65,-20.6,,37.01,akshare.stock_financial_analysis_indicator,机构持股无数据，给中性分(5/10),2026-09-28,洋河股份,白酒Ⅱ,17.0
000063,4,0,0,0,0,0,4,0,,-45.6,-8.1,-42.3,0.49,-1.4,3.57,30.79,akshare.stock_financial_analysis_indicator,,2026-09-28,中兴通讯,通信设备,57.0
600585,4,0,0,0,0,0,4,0,,-42.8,-19.8,-34.1,0.76,-21.6,3.07,16.77,akshare.stock_financial_analysis_indicator,,2026-09-28,海螺水泥,水泥,15.7
601238,2,0,0,0,0,0,2,0,,-76.0,-83.2,-45.0,0.68,-27.4,0.88,5.09,akshare.stock_financial_analysis_indicator,,2026-09-28,广汽集团,乘用车,8.5
601868,2,0,0,0,0,0,2,0,,-18.7,-1.4,-37.1,0.68,-13.5,1.17,2.36,akshare.stock_financial_analysis_indicator,,2026-09-28,中国能建,基础建设,33.3
601390,2,0,0,0,0,0,2,0,,-26.8,-8.3,-31.7,0.65,-15.0,1.81,4.22,akshare.stock_financial_analysis_indicator,,2026-09-28,中国中铁,基础建设,29.5
601800,2,0,0,0,0,0,2,0,,-23.9,-3.0,-34.1,0.55,-20.4,1.65,5.76,akshare.stock_financial_analysis_indicator,,2026-09-28,中国交建,基础建设,18.0
601698,2,0,0,0,0,0,2,0,,-37.4,-16.1,-57.2,0.64,-23.6,0.26,23.03,akshare.stock_financial_analysis_indicator,,2026-09-28,中国卫通,航天装备Ⅱ,12.0
601618,2,0,0,0,0,0,2,0,,-24.9,-36.9,-40.6,0.83,-14.4,1.17,2.46,akshare.stock_financial_analysis_indicator,,2026-09-28,中国中冶,专业工程,31.3
