code,name,industry,consensus_score,top_hits,frameworks,danbin_pct,danbin_raw,lilu_pct,lilu_raw,canslim_pct,canslim_raw
300628,亿联网络,通信设备,96.4,3,3,96.2,81,99.7,92,93.3,57
603259,药明康德,医疗服务,95.9,3,3,90.2,72,97.7,87,99.7,77
300394,天孚通信,通信设备,92.2,2,3,95.3,80,95.5,85,85.8,50
300502,新易盛,通信设备,92.0,3,3,93.5,76,91.5,81,91.0,55
300308,中际旭创,通信设备,91.9,2,3,90.2,72,89.8,80,95.8,60
300661,圣邦股份,半导体,90.3,2,3,91.2,73,85.3,76,94.3,58
603893,瑞芯微,半导体,90.3,1,3,81.2,66,89.8,80,100.0,79
300033,同花顺,软件开发,89.6,2,3,94.2,78,92.8,82,81.7,47
002463,沪电股份,元件,88.5,1,3,81.2,66,86.5,77,97.8,67
300866,安克创新,消费电子,87.9,1,3,83.8,67,81.0,74,98.8,70
605117,德业股份,光伏设备,87.7,1,3,98.7,86,89.8,80,74.7,44
688008,澜起科技,半导体,87.4,1,3,85.5,68,81.0,74,95.8,60
300442,润泽科技,通信服务,86.8,1,3,89.0,71,96.7,86,74.7,44
688111,金山办公,软件开发,84.7,2,3,90.2,72,91.5,81,72.3,42
000333,美的集团,白色家电,84.6,1,3,91.2,73,73.3,69,89.3,54
300750,宁德时代,电池,84.6,1,3,81.2,66,99.0,89,73.7,43
300832,新产业,医疗器械,81.7,1,3,96.2,81,81.0,74,67.8,40
601058,赛轮轮胎,汽车零部件,81.2,1,3,70.8,59,95.5,85,77.2,45
002001,新和成,化学制品,80.8,2,3,93.5,76,99.3,91,49.5,32
605499,东鹏饮料,饮料乳品,80.4,2,3,95.3,80,100.0,94,46.0,29
601899,紫金矿业,工业金属,80.0,1,3,81.2,66,94.0,83,64.8,39
603986,兆易创新,半导体,79.5,1,3,66.2,57,76.5,72,95.8,60
002709,天赐材料,电池,79.2,1,3,87.0,69,95.5,85,55.0,35
002648,卫星化学,化学原料,79.2,0,3,81.2,66,71.8,68,84.5,49
002916,深南电路,元件,78.6,1,3,66.2,57,71.8,68,97.8,67
600183,生益科技,元件,78.4,1,3,59.5,54,76.5,72,99.3,73
688036,传音控股,消费电子,77.7,0,3,72.7,60,83.3,75,77.2,45
000999,华润三九,中药Ⅱ,77.4,2,3,96.8,83,96.7,86,38.8,25
000975,山金国际,贵金属,77.3,0,3,83.8,67,83.3,75,64.8,39
600989,宝丰能源,化学原料,77.2,0,3,87.0,69,83.3,75,61.2,37
601225,陕西煤业,煤炭开采,76.9,1,3,92.2,74,52.7,59,85.8,50
000807,云铝股份,工业金属,76.7,0,3,85.5,68,83.3,75,61.2,37
600066,宇通客车,商用车,76.4,0,3,87.0,69,81.0,74,61.2,37
300408,三环集团,元件,76.0,1,3,78.7,64,58.3,61,91.0,55
002422,科伦药业,化学制药,75.3,0,3,75.3,62,64.7,65,85.8,50
300476,胜宏科技,元件,75.0,0,3,66.2,57,78.7,73,80.2,46
600660,福耀玻璃,汽车零部件,74.8,1,3,87.0,69,94.7,84,42.8,27
002027,分众传媒,广告营销,74.7,1,3,93.0,75,88.2,79,42.8,27
601919,中远海控,航运港口,74.6,1,3,96.8,83,81.0,74,46.0,29
002415,海康威视,计算机设备,74.5,0,3,77.2,63,63.0,64,83.2,48
688041,海光信息,半导体,74.4,1,3,74.0,61,58.3,61,91.0,55
002558,巨人网络,游戏Ⅱ,74.2,1,3,90.2,72,64.7,65,67.8,40
600519,贵州茅台,白酒Ⅱ,74.1,2,3,99.3,88,98.5,88,24.5,18
000792,盐湖股份,农化制品,73.2,1,3,94.2,78,86.5,77,38.8,25
600415,小商品城,一般零售,73.2,0,3,88.2,70,85.3,76,46.0,29
601600,中国铝业,工业金属,73.1,0,3,66.2,57,88.2,79,64.8,39
000651,格力电器,白色家电,72.5,0,3,83.8,67,78.7,73,55.0,35
600900,长江电力,电力,72.4,0,3,81.2,66,48.3,57,87.7,52
600233,圆通速递,物流,72.3,1,3,53.0,52,91.5,81,72.3,42
688012,中微公司,半导体,71.8,1,3,66.2,57,58.3,61,91.0,55
600887,伊利股份,饮料乳品,71.8,0,3,83.8,67,76.5,72,55.0,35
688082,盛美上海,半导体,71.6,1,3,74.0,61,44.2,55,96.7,62
600809,山西汾酒,白酒Ⅱ,71.4,2,3,100.0,97,95.5,85,18.7,15
688183,生益电子,元件,71.3,1,3,47.0,50,69.7,67,97.3,65
601628,中国人寿,保险Ⅱ,71.3,1,3,27.2,42,89.8,80,97.0,63
600426,华鲁恒升,农化制品,71.3,0,3,81.2,66,89.8,80,42.8,27
000408,藏格矿业,农化制品,70.8,1,3,97.7,84,67.0,66,47.7,30
301165,锐捷网络,通信设备,70.8,1,3,77.2,63,44.2,55,91.0,55
600690,海尔智家,白色家电,70.8,0,3,81.2,66,85.3,76,46.0,29
601872,招商轮船,航运港口,70.5,1,3,66.2,57,52.7,59,92.7,56
002532,天山铝业,工业金属,70.5,1,3,49.8,51,94.0,83,67.8,40
601138,工业富联,消费电子,70.4,1,3,49.8,51,67.0,66,94.3,58
601319,中国人保,保险Ⅱ,70.1,1,3,42.8,48,76.5,72,91.0,55
600938,中国海油,油气开采Ⅱ,69.8,1,3,95.3,80,83.3,75,30.8,22
002028,思源电气,电网设备,69.4,0,3,70.8,59,78.7,73,58.7,36
688072,拓荆科技,半导体,69.0,1,3,62.3,55,46.3,56,98.3,68
000596,古井贡酒,白酒Ⅱ,68.8,2,3,99.0,87,96.7,86,10.8,10
002475,立讯精密,消费电子,68.7,0,3,63.8,56,81.0,74,61.2,37
002920,德赛西威,汽车零部件,68.6,1,3,79.3,65,94.0,83,32.5,23
002602,世纪华通,游戏Ⅱ,68.3,0,3,74.0,61,63.0,64,67.8,40
300896,爱美客,医疗美容,68.2,2,3,97.7,84,97.7,87,9.3,9
600309,万华化学,化学制品,68.2,0,3,70.8,59,83.3,75,50.5,33
600489,中金黄金,贵金属,67.9,0,3,66.2,57,69.7,67,67.8,40
603369,今世缘,白酒Ⅱ,67.0,1,3,98.3,85,74.7,70,28.0,20
601336,新华保险,保险Ⅱ,66.6,1,3,47.0,50,91.5,81,61.2,37
002142,宁波银行,银行Ⅱ,66.6,0,3,59.5,54,52.7,59,87.7,52
600926,杭州银行,银行Ⅱ,66.6,0,3,49.8,51,69.7,67,80.2,46
600150,中国船舶,航海装备Ⅱ,65.9,1,3,34.2,45,64.7,65,98.8,70
000538,云南白药,中药Ⅱ,65.8,0,3,69.0,58,73.3,69,55.0,35
603288,海天味业,调味发酵品Ⅱ,65.7,0,3,89.0,71,73.3,69,34.7,24
002466,天齐锂业,能源金属,65.5,1,3,92.2,74,69.7,67,34.7,24
600886,国投电力,电力,65.1,0,3,62.3,55,55.7,60,77.2,45
603993,洛阳钼业,工业金属,65.1,0,3,53.0,52,81.0,74,61.2,37
601211,国泰海通,证券Ⅱ,65.0,1,3,39.3,47,64.7,65,91.0,55
600600,青岛啤酒,非白酒,65.0,0,3,75.3,62,87.2,78,32.5,23
002371,北方华创,半导体,64.9,0,3,56.2,53,58.3,61,80.2,46
000858,五粮液,白酒Ⅱ,64.7,1,3,94.7,79,60.5,62,38.8,25
300015,爱尔眼科,医疗服务,64.7,1,3,92.2,74,83.3,75,18.7,15
000338,潍柴动力,汽车零部件,64.7,1,3,45.0,49,55.7,60,93.3,57
600406,国电南瑞,电网设备,64.6,0,3,70.8,59,88.2,79,34.7,24
600160,巨化股份,化学制品,64.6,0,3,47.0,50,69.7,67,77.2,45
001965,招商公路,铁路公路,63.6,0,3,62.3,55,48.3,57,80.2,46
600276,恒瑞医药,化学制药,63.4,0,3,72.7,60,78.7,73,38.8,25
300274,阳光电源,光伏设备,63.3,1,3,69.0,58,92.8,82,28.0,20
000568,泸州老窖,白酒Ⅱ,63.1,1,3,99.7,91,78.7,73,10.8,10
601689,拓普集团,汽车零部件,62.9,1,3,77.2,63,92.8,82,18.7,15
603296,华勤技术,消费电子,62.7,0,3,53.0,52,46.3,56,88.7,53
300760,迈瑞医疗,医疗器械,62.4,1,3,97.7,84,78.7,73,10.8,10
600176,中国巨石,玻璃玻纤,61.1,0,3,59.5,54,42.2,54,81.7,47
600346,恒力石化,炼化及贸易,60.8,0,3,45.0,49,69.7,67,67.8,40
600018,上港集团,航运港口,60.7,0,3,70.8,59,52.7,59,58.7,36
601857,中国石油,炼化及贸易,60.3,0,3,69.0,58,60.5,62,51.5,34
002074,国轩高科,电池,60.3,0,3,29.5,43,69.7,67,81.7,47
600674,川投能源,电力,60.1,0,3,83.8,67,19.2,41,77.2,45
002050,三花智控,家电零部件Ⅱ,60.0,0,3,75.3,62,88.2,79,16.5,14
600188,兖矿能源,煤炭开采,59.9,0,3,53.0,52,71.8,68,55.0,35
688303,大全能源,光伏设备,59.8,0,3,88.2,70,85.3,76,5.8,5
300014,亿纬锂能,电池,59.7,0,3,56.2,53,75.3,71,47.7,30
002049,紫光国微,半导体,59.2,0,3,78.7,64,76.5,72,22.5,17
601601,中国太保,保险Ⅱ,59.2,0,3,42.8,48,85.3,76,49.5,32
600025,华能水电,电力,58.8,0,3,77.2,63,44.2,55,55.0,35
002241,歌尔股份,消费电子,58.8,0,3,29.5,43,74.7,70,72.3,42
600919,江苏银行,银行Ⅱ,58.6,0,3,59.5,54,29.2,47,87.0,51
603799,华友钴业,能源金属,58.6,0,3,56.2,53,64.7,65,55.0,35
002594,比亚迪,乘用车,58.1,1,3,42.8,48,92.8,82,38.8,25
600941,中国移动,通信服务,57.8,0,3,66.2,57,55.7,60,51.5,34
600036,招商银行,银行Ⅱ,57.8,0,3,49.8,51,52.7,59,70.8,41
601009,南京银行,银行Ⅱ,57.5,0,3,59.5,54,42.2,54,70.8,41
603392,万泰生物,医疗器械,56.8,1,3,92.2,74,55.7,60,22.5,17
300059,东方财富,证券Ⅱ,56.7,0,3,47.0,50,61.8,63,61.2,37
603501,豪威集团,半导体,56.2,1,3,42.8,48,97.7,87,28.0,20
300316,晶盛机电,光伏设备,56.1,0,3,83.8,67,78.7,73,5.8,5
002352,顺丰控股,物流,56.1,0,3,53.0,52,87.2,78,28.0,20
600436,片仔癀,中药Ⅱ,56.0,0,3,89.0,71,73.3,69,5.8,5
600547,山东黄金,贵金属,55.9,0,3,36.0,46,67.0,66,64.8,39
600958,东方证券,证券Ⅱ,55.6,0,3,24.8,41,64.7,65,77.2,45
000657,中钨高新,小金属,55.4,0,3,34.2,45,46.3,56,85.8,50
000166,申万宏源,证券Ⅱ,55.4,0,3,24.8,41,58.3,61,83.2,48
601633,长城汽车,乘用车,55.3,0,3,59.5,54,89.8,80,16.5,14
002460,赣锋锂业,能源金属,55.2,0,3,56.2,53,74.7,70,34.7,24
300124,汇川技术,自动化设备,55.1,0,3,81.2,66,73.3,69,10.8,10
601816,京沪高铁,铁路公路,55.1,0,3,72.7,60,44.2,55,48.5,31
603019,中科曙光,计算机设备,55.1,0,3,32.2,44,58.3,61,74.7,44
601728,中国电信,通信服务,54.9,0,3,59.5,54,37.3,52,67.8,40
001280,中国铀业,小金属,54.8,0,3,49.8,51,67.0,66,47.7,30
600030,中信证券,证券Ⅱ,54.6,1,3,18.7,38,50.0,58,95.0,59
601088,中国神华,煤炭开采,53.9,0,3,75.3,62,42.2,54,44.3,28
601838,成都银行,银行Ⅱ,53.9,0,3,36.0,46,40.0,53,85.8,50
688981,中芯国际,半导体,53.7,0,3,49.8,51,34.2,50,77.2,45
002311,海大集团,饲料,53.3,1,3,42.8,48,98.5,88,18.7,15
600570,恒生电子,软件开发,53.3,0,3,85.5,68,55.7,60,18.7,15
000963,华东医药,化学制药,53.0,0,3,62.3,55,67.0,66,29.7,21
600219,南山铝业,工业金属,52.8,0,3,77.2,63,64.7,65,16.5,14
601456,国联民生,证券Ⅱ,52.7,0,3,24.8,41,50.0,58,83.2,48
601985,中国核电,电力,52.5,0,3,56.2,53,46.3,56,55.0,35
002625,光启技术,航空装备Ⅱ,52.4,0,3,70.8,59,55.7,60,30.8,22
300251,光线传媒,影视院线,52.4,0,3,59.5,54,69.7,67,28.0,20
002236,大华股份,计算机设备,51.8,0,3,47.0,50,69.7,67,38.8,25
601100,恒立液压,工程机械,51.4,0,3,72.7,60,37.3,52,44.3,28
600482,中国动力,其他电源设备Ⅱ,51.2,1,3,27.2,42,32.0,49,94.3,58
600803,新奥股份,燃气Ⅱ,51.1,0,3,87.0,69,52.7,59,13.5,12
001391,国货航,物流,50.7,0,3,59.5,54,61.8,63,30.8,22
600009,上海机场,航空机场,50.3,0,3,24.8,41,76.5,72,49.5,32
600089,特变电工,电网设备,50.0,0,3,77.2,63,67.0,66,5.8,5
000895,双汇发展,食品加工,49.6,0,3,66.2,57,71.8,68,10.8,10
600999,招商证券,证券Ⅱ,49.6,0,3,10.2,34,50.0,58,88.7,53
000725,京东方A,光学光电子,49.5,1,3,22.5,40,30.2,48,95.8,60
601901,方正证券,证券Ⅱ,48.5,0,3,24.8,41,48.3,57,72.3,42
002938,鹏鼎控股,元件,48.3,0,3,66.2,57,30.2,48,48.5,31
601766,中国中车,轨交设备Ⅱ,48.3,0,3,49.8,51,40.0,53,55.0,35
688271,联影医疗,医疗器械,48.0,0,3,72.7,60,52.7,59,18.7,15
600741,华域汽车,汽车零部件,47.8,0,3,66.2,57,52.7,59,24.5,18
688396,华润微,半导体,47.8,0,3,49.8,51,25.7,45,67.8,40
000100,TCL科技,光学光电子,47.7,0,3,36.0,46,23.8,44,83.2,48
600085,同仁堂,中药Ⅱ,47.6,0,3,81.2,66,55.7,60,5.8,5
600111,北方稀土,小金属,47.4,0,3,45.0,49,58.3,61,38.8,25
000425,徐工机械,工程机械,47.2,0,3,62.3,55,60.5,62,18.7,15
600549,厦门钨业,小金属,46.9,0,3,39.3,47,46.3,56,55.0,35
600039,四川路桥,基础建设,46.6,0,3,56.2,53,34.2,50,49.5,32
601318,中国平安,保险Ⅱ,46.4,0,3,18.7,38,52.7,59,67.8,40
300803,指南针,软件开发,46.1,0,3,75.3,62,37.3,52,25.8,19
601939,建设银行,银行Ⅱ,45.8,0,3,42.8,48,14.5,39,80.2,46
601658,邮储银行,银行Ⅱ,45.7,0,3,39.3,47,34.2,50,63.5,38
601018,宁波港,航运港口,45.6,0,3,59.5,54,52.7,59,24.5,18
002837,英维克,专用设备,45.4,0,3,49.8,51,58.3,61,28.0,20
601898,中煤能源,煤炭开采,45.2,0,3,53.0,52,61.8,63,20.7,16
600845,宝信软件,IT服务Ⅱ,45.1,0,3,66.2,57,58.3,61,10.8,10
601059,信达证券,证券Ⅱ,45.0,0,3,16.0,37,48.3,57,70.8,41
300450,先导智能,电池,44.9,0,3,29.5,43,37.3,52,67.8,40
600795,国电电力,电力,44.8,0,3,27.2,42,21.3,42,85.8,50
601688,华泰证券,证券Ⅱ,44.4,0,3,18.7,38,25.7,45,88.7,53
002353,杰瑞股份,专用设备,44.2,0,3,69.0,58,35.5,51,28.0,20
600026,中远海能,航运港口,44.1,0,3,36.0,46,11.8,37,84.5,49
600196,复星医药,化学制药,44.0,0,3,62.3,55,37.3,52,32.5,23
002493,荣盛石化,炼化及贸易,43.6,1,3,32.2,44,7.7,33,91.0,55
600061,国投资本,多元金融,43.5,0,3,56.2,53,19.2,41,55.0,35
600584,长电科技,半导体,43.3,0,3,22.5,40,30.2,48,77.2,45
601878,浙商证券,证券Ⅱ,43.2,0,3,16.0,37,40.0,53,73.7,43
601825,沪农商行,银行Ⅱ,43.1,0,3,42.8,48,27.8,46,58.7,36
002179,中航光电,军工电子Ⅱ,42.9,0,3,69.0,58,46.3,56,13.5,12
601995,中金公司,证券Ⅱ,42.8,0,3,8.2,31,40.0,53,80.2,46
600918,中泰证券,证券Ⅱ,42.8,0,3,4.8,27,46.3,56,77.2,45
600050,中国联通,通信服务,42.5,0,3,56.2,53,52.7,59,18.7,15
601377,兴业证券,证券Ⅱ,42.5,0,3,18.7,38,25.7,45,83.2,48
300433,蓝思科技,消费电子,42.4,0,3,62.3,55,30.2,48,34.7,24
002714,牧原股份,养殖业,42.3,0,3,53.0,52,63.0,64,10.8,10
000988,华工科技,自动化设备,42.3,0,3,42.8,48,29.2,47,55.0,35
000776,广发证券,证券Ⅱ,42.2,1,3,14.2,36,19.2,41,93.3,57
600031,三一重工,工程机械,41.9,0,3,34.2,45,40.0,53,51.5,34
688256,寒武纪,半导体,41.8,0,3,45.0,49,3.3,25,77.2,45
601998,中信银行,银行Ⅱ,41.8,0,3,39.3,47,22.5,43,63.5,38
301269,华大九天,软件开发,41.1,0,3,85.5,68,19.2,41,18.7,15
601988,中国银行,银行Ⅱ,41.1,0,3,39.3,47,10.2,35,73.7,43
603260,合盛硅业,化学制品,41.0,0,3,36.0,46,48.3,57,38.8,25
601077,渝农商行,银行Ⅱ,40.8,0,3,32.2,44,22.5,43,67.8,40
601066,中信建投,证券Ⅱ,40.5,0,3,10.2,34,34.2,50,77.2,45
601788,光大证券,证券Ⅱ,40.0,0,3,18.7,38,40.0,53,61.2,37
600930,华电新能,电力,39.9,0,3,63.8,56,50.0,58,5.8,5
600362,江西铜业,工业金属,39.9,0,3,29.5,43,44.2,55,46.0,29
000301,东方盛虹,炼化及贸易,39.3,1,3,12.3,35,14.5,39,91.0,55
601888,中国中免,旅游零售Ⅱ,39.3,0,3,53.0,52,44.2,55,20.7,16
601169,北京银行,银行Ⅱ,39.2,0,3,47.0,50,11.8,37,58.7,36
601328,交通银行,银行Ⅱ,39.2,0,3,32.2,44,14.5,39,70.8,41
600438,通威股份,光伏设备,38.7,0,3,49.8,51,60.5,62,5.8,5
000001,平安银行,银行Ⅱ,38.6,0,3,18.7,38,42.2,54,55.0,35
601916,浙商银行,银行Ⅱ,38.5,0,3,39.3,47,25.7,45,50.5,33
601127,赛力斯,乘用车,38.3,0,3,27.2,42,61.8,63,25.8,19
600460,士兰微,半导体,38.0,0,3,29.5,43,16.7,40,67.8,40
601877,正泰电器,电网设备,37.7,0,3,45.0,49,37.3,52,30.8,22
600760,中航沈飞,航空装备Ⅱ,37.6,0,3,32.2,44,67.0,66,13.5,12
600015,华夏银行,银行Ⅱ,36.7,0,3,39.3,47,32.0,49,38.8,25
601398,工商银行,银行Ⅱ,36.7,0,3,32.2,44,14.5,39,63.5,38
002384,东山精密,元件,36.6,0,3,24.8,41,7.7,33,77.2,45
600029,南方航空,航空机场,36.6,0,3,6.5,29,42.2,54,61.2,37
600875,东方电气,其他电源设备Ⅱ,36.1,0,3,34.2,45,19.2,41,55.0,35
002304,洋河股份,白酒Ⅱ,35.7,0,3,78.7,64,22.5,43,5.8,5
000708,中信特钢,特钢Ⅱ,35.6,0,3,36.0,46,50.0,58,20.7,16
601881,中国银河,证券Ⅱ,35.6,0,3,32.2,44,40.0,53,34.7,24
000977,浪潮信息,计算机设备,35.6,0,3,10.2,34,8.8,34,87.7,52
002230,科大讯飞,软件开发,35.3,0,3,39.3,47,23.8,44,42.8,27
600027,华电国际,电力,35.2,0,3,14.2,36,19.2,41,72.3,42
601288,农业银行,银行Ⅱ,35.1,0,3,39.3,47,14.5,39,51.5,34
600010,包钢股份,普钢,33.9,0,3,1.8,23,32.0,49,67.8,40
601136,首创证券,证券Ⅱ,33.6,0,3,10.2,34,35.5,51,55.0,35
601117,中国化学,专业工程,33.1,0,3,27.2,42,37.3,52,34.7,24
300418,昆仑万维,数字媒体,32.3,0,3,56.2,53,2.0,21,38.8,25
600023,浙能电力,电力,31.9,0,3,39.3,47,32.0,49,24.5,18
000630,铜陵有色,工业金属,31.6,0,3,14.2,36,25.7,45,55.0,35
000938,紫光股份,IT服务Ⅱ,31.6,0,3,4.8,27,6.8,32,83.2,48
600011,华能国际,电力,31.3,0,3,16.0,37,14.5,39,63.5,38
600522,中天科技,通信设备,30.9,0,3,5.7,28,32.0,49,55.0,35
003816,中国广核,电力,30.3,0,3,39.3,47,19.2,41,32.5,23
600905,三峡能源,电力,30.1,0,3,56.2,53,19.2,41,15.0,13
002736,国信证券,证券Ⅱ,29.9,0,3,16.0,37,27.8,46,46.0,29
000768,中航西飞,航空装备Ⅱ,29.3,0,3,3.0,24,42.2,54,42.8,27
688506,百利天恒,生物制品,29.2,0,3,53.0,52,23.8,44,10.8,10
300999,金龙鱼,农产品加工,29.2,0,3,3.0,24,16.7,40,67.8,40
601006,大秦铁路,铁路公路,28.1,0,3,39.3,47,19.2,41,25.8,19
601607,上海医药,医药商业,27.6,0,3,16.0,37,32.0,49,34.7,24
000625,长安汽车,乘用车,27.5,0,3,39.3,47,37.3,52,5.8,5
601229,上海银行,银行Ⅱ,27.0,0,3,16.0,37,6.2,31,58.7,36
601166,兴业银行,银行Ⅱ,26.3,0,3,18.7,38,21.3,42,38.8,25
000063,中兴通讯,通信设备,25.8,0,3,47.0,50,27.8,46,2.5,4
002202,金风科技,风电设备,25.7,0,3,18.7,38,16.7,40,41.7,26
000157,中联重科,工程机械,25.1,0,3,27.2,42,25.7,45,22.5,17
301308,江波龙,半导体,24.8,0,3,8.8,33,4.5,28,61.2,37
302132,中航成飞,航空装备Ⅱ,23.5,0,3,20.8,39,23.8,44,25.8,19
002600,领益智造,消费电子,23.4,0,3,22.5,40,34.2,50,13.5,12
600372,中航机载,航空装备Ⅱ,22.9,0,3,29.5,43,16.7,40,22.5,17
000617,中油资本,多元金融,22.7,0,3,22.5,40,6.8,32,38.8,25
601021,春秋航空,航空机场,22.3,0,3,12.3,35,32.0,49,22.5,17
600028,中国石化,炼化及贸易,21.9,0,3,12.3,35,22.5,43,30.8,22
600000,浦发银行,银行Ⅱ,21.7,0,3,18.7,38,11.8,37,34.7,24
600221,海航控股,航空机场,21.7,0,3,7.3,30,11.8,37,46.0,29
300498,温氏股份,养殖业,21.5,0,3,12.3,35,37.3,52,15.0,13
600104,上汽集团,乘用车,21.3,0,3,8.2,31,27.8,46,28.0,20
688009,中国通号,轨交设备Ⅱ,20.8,0,3,20.8,39,19.2,41,22.5,17
600048,保利发展,房地产开发,20.6,0,3,5.7,28,11.8,37,44.3,28
601669,中国电建,基础建设,20.3,0,3,29.5,43,25.7,45,5.8,5
300413,芒果超媒,数字媒体,20.1,0,3,24.8,41,13.0,38,22.5,17
600019,宝钢股份,普钢,19.6,0,3,16.0,37,27.8,46,15.0,13
601360,三六零,软件开发,19.3,0,3,10.2,34,8.8,34,38.8,25
601727,上海电气,其他电源设备Ⅱ,17.4,0,3,0.5,20,8.8,34,42.8,27
688472,阿特斯,光伏设备,16.3,0,3,8.8,33,34.2,50,5.8,5
688126,沪硅产业,半导体,16.2,0,3,6.5,29,3.3,25,38.8,25
600016,民生银行,银行Ⅱ,16.2,0,3,5.7,28,4.0,26,38.8,25
601818,光大银行,银行Ⅱ,16.1,0,3,10.2,34,10.2,35,28.0,20
300122,智飞生物,生物制品,15.8,0,3,36.0,46,5.5,30,5.8,5
301236,软通动力,IT服务Ⅱ,15.2,0,3,29.5,43,10.2,35,5.8,5
600118,中国卫星,航天装备Ⅱ,15.0,0,3,4.0,25,2.3,22,38.8,25
600585,海螺水泥,水泥,14.8,0,3,14.2,36,27.8,46,2.5,4
688223,晶科能源,光伏设备,14.5,0,3,32.2,44,5.5,30,5.8,5
601012,隆基绿能,光伏设备,14.3,0,3,22.5,40,14.5,39,5.8,5
601698,中国卫通,航天装备Ⅱ,13.5,0,3,24.8,41,14.5,39,1.2,2
601668,中国建筑,房屋建设Ⅱ,12.8,0,3,20.8,39,2.7,24,15.0,13
601111,中国国航,航空机场,12.3,0,3,3.0,24,21.3,42,12.5,11
600893,航发动力,航空装备Ⅱ,11.9,0,3,4.3,26,0.5,17,30.8,22
601868,中国能建,基础建设,11.3,0,3,20.8,39,11.8,37,1.2,2
601186,中国铁建,基础建设,10.8,0,3,12.3,35,5.0,29,15.0,13
600588,用友网络,软件开发,10.0,0,3,12.3,35,8.8,34,9.0,8
688521,芯原股份,半导体,9.9,0,3,22.5,40,1.5,19,5.8,5
688047,龙芯中科,半导体,8.7,0,3,3.0,24,0.5,17,22.5,17
601390,中国中铁,基础建设,8.4,0,3,7.3,30,16.7,40,1.2,2
601800,中国交建,基础建设,7.1,0,3,12.3,35,7.7,33,1.2,2
001979,招商蛇口,房地产开发,6.3,0,3,1.8,23,4.5,28,12.5,11
000002,万科A,房地产开发,6.2,0,3,1.0,21,1.0,18,16.5,14
600515,海南机场,航空机场,5.5,0,3,0.5,20,10.2,35,5.8,5
601618,中国中冶,专业工程,4.9,0,3,7.3,30,6.2,31,1.2,2
600115,中国东航,航空机场,2.9,0,3,1.3,22,1.5,19,5.8,5
601238,广汽集团,乘用车,2.5,0,3,3.0,24,3.3,25,1.2,2
