code,name,industry,total,runway_score,snow_score,roe_engine_score,rose_score,cash_score,debt_score,growth_quality_score,rev_cagr,gross_mean,roe_mean,dividend_yield,dividend_events,dividend_span_years,ocf_mean,debt_latest,profit_pos_years,close,data_years,fin_source,note,data_date
600809,山西汾酒,白酒Ⅱ,97,12,20,20,15,10,10,10,23.2,75.3,35.3,5.95,1,31.2,1.02,28.7,5,110.26,5,akshare.stock_financial_analysis_indicator,毛利率由利润表现算,2026-09-28
000568,泸州老窖,白酒Ⅱ,91,9,20,20,15,7,10,10,10.3,86.9,28.2,8.25,2,31.2,0.93,23.0,4,69.96,5,akshare.stock_financial_analysis_indicator,毛利率由利润表现算,2026-09-28
600519,贵州茅台,白酒Ⅱ,88,9,20,20,12,7,10,10,12.5,91.9,32.9,4.18,2,23.9,0.87,16.4,4,1243.88,5,akshare.stock_financial_analysis_indicator,毛利率由利润表现算,2026-09-28
000596,古井贡酒,白酒Ⅱ,87,9,20,13,15,10,10,10,14.5,78.1,17.7,5.01,2,29.1,1.1,31.7,4,87.9,5,akshare.stock_financial_analysis_indicator,毛利率由利润表现算,2026-09-28
605117,德业股份,光伏设备,86,15,12,20,12,10,7,10,33.0,35.5,31.1,3.74,2,4.9,1.28,48.1,5,77.77,5,akshare.stock_financial_analysis_indicator,毛利率由利润表现算,2026-09-28
603369,今世缘,白酒Ⅱ,85,12,20,17,12,7,7,10,15.8,75.7,21.2,4.5,1,11.0,0.98,36.0,4,26.64,5,akshare.stock_financial_analysis_indicator,毛利率由利润表现算,2026-09-28
300760,迈瑞医疗,医疗器械,84,9,20,20,5,10,10,10,10.2,63.4,29.7,1.63,2,7.3,1.12,27.4,4,158.29,5,akshare.stock_financial_analysis_indicator,毛利率由利润表现算,2026-09-28
000408,藏格矿业,农化制品,84,15,20,20,5,7,10,7,30.5,62.0,26.1,1.43,1,30.2,0.83,8.3,3,69.9,5,akshare.stock_financial_analysis_indicator,毛利率由利润表现算,2026-09-28
300896,爱美客,医疗美容,84,15,20,17,5,7,10,10,34.5,94.2,22.4,1.09,1,5.5,1.0,8.3,4,91.63,5,akshare.stock_financial_analysis_indicator,毛利率由利润表现算,2026-09-28
000999,华润三九,中药Ⅱ,83,12,16,13,12,10,10,10,18.7,54.5,15.0,4.43,2,24.8,1.18,34.6,5,23.49,5,akshare.stock_financial_analysis_indicator,毛利率由利润表现算,2026-09-28
601919,中远海控,航运港口,83,12,12,20,15,10,7,7,16.8,30.5,33.6,6.08,2,18.0,1.3,41.4,3,16.46,5,akshare.stock_financial_analysis_indicator,毛利率由利润表现算,2026-09-28
300628,亿联网络,通信设备,81,12,20,20,5,7,10,7,18.3,63.8,27.1,1.22,1,9.4,0.84,12.8,3,41.1,5,akshare.stock_financial_analysis_indicator,毛利率由利润表现算,2026-09-28
300832,新产业,医疗器械,81,12,20,13,9,7,10,10,16.2,71.1,19.8,2.42,1,5.7,0.81,8.0,4,49.61,5,akshare.stock_financial_analysis_indicator,毛利率由利润表现算,2026-09-28
605499,东鹏饮料,饮料乳品,80,15,12,20,9,10,4,10,33.5,43.9,35.8,2.7,1,5.1,1.58,64.7,5,111.12,5,akshare.stock_financial_analysis_indicator,毛利率由利润表现算,2026-09-28
300394,天孚通信,通信设备,80,15,16,17,2,10,10,10,44.5,53.4,24.3,0.2,1,11.3,1.09,14.5,5,244.8,5,akshare.stock_financial_analysis_indicator,毛利率由利润表现算,2026-09-28
600938,中国海油,油气开采Ⅱ,80,12,16,13,12,10,10,7,24.9,51.7,18.1,3.42,2,3.8,1.71,26.7,3,33.5,5,akshare.stock_financial_analysis_indicator,毛利率由利润表现算,2026-09-28
000858,五粮液,白酒Ⅱ,79,0,20,17,15,10,7,10,-1.5,76.2,20.3,7.48,2,27.1,1.5,35.7,4,68.91,5,akshare.stock_financial_analysis_indicator,毛利率由利润表现算,2026-09-28
000792,盐湖股份,农化制品,78,9,20,20,2,10,10,7,11.2,60.9,33.2,0.09,1,19.0,1.16,14.2,3,23.13,5,akshare.stock_financial_analysis_indicator,毛利率由利润表现算,2026-09-28
300033,同花顺,软件开发,78,12,20,20,2,10,7,7,17.3,90.2,25.7,0.1,1,16.5,1.15,40.0,3,198.05,5,akshare.stock_financial_analysis_indicator,毛利率由利润表现算,2026-09-28
002001,新和成,化学制品,76,12,12,13,12,10,10,7,18.4,40.1,17.3,3.92,2,21.1,1.38,27.7,3,25.54,5,akshare.stock_financial_analysis_indicator,毛利率由利润表现算,2026-09-28
300502,新易盛,通信设备,76,15,12,20,2,7,10,10,83.9,38.5,27.1,0.25,1,9.0,0.82,30.2,4,399.7,5,akshare.stock_financial_analysis_indicator,毛利率由利润表现算,2026-09-28
002027,分众传媒,广告营销,75,3,20,20,5,10,10,7,3.9,65.9,25.5,1.07,1,21.3,1.86,27.7,3,4.68,5,akshare.stock_financial_analysis_indicator,毛利率由利润表现算,2026-09-28
601225,陕西煤业,煤炭开采,74,9,12,17,12,10,7,7,13.2,36.2,24.9,3.67,2,12.0,1.23,41.8,3,25.85,5,akshare.stock_financial_analysis_indicator,毛利率由利润表现算,2026-09-28
603392,万泰生物,医疗器械,74,12,20,13,5,10,10,4,22.0,75.0,18.2,1.2,1,3.0,1.54,14.3,2,26.69,5,akshare.stock_financial_analysis_indicator,毛利率由利润表现算,2026-09-28
300015,爱尔眼科,医疗服务,74,9,16,13,9,10,7,10,13.9,49.7,17.1,2.29,2,16.2,1.59,36.2,4,7.86,5,akshare.stock_financial_analysis_indicator,毛利率由利润表现算,2026-09-28
002466,天齐锂业,能源金属,74,15,20,8,12,7,10,2,95.2,63.5,12.5,3.43,1,13.0,0.83,28.0,1,39.41,5,akshare.stock_financial_analysis_indicator,毛利率由利润表现算,2026-09-28
300661,圣邦股份,半导体,73,15,16,13,2,7,10,10,31.2,53.3,16.5,0.17,1,7.8,0.97,23.4,4,117.0,5,akshare.stock_financial_analysis_indicator,毛利率由利润表现算,2026-09-28
000333,美的集团,白色家电,73,9,8,17,15,10,4,10,10.1,25.4,20.3,5.24,2,12.2,1.37,61.2,5,82.0,5,akshare.stock_financial_analysis_indicator,毛利率由利润表现算,2026-09-28
603259,药明康德,医疗服务,72,15,12,13,2,10,10,10,25.2,40.8,17.9,0.32,1,7.2,1.13,22.2,4,161.8,5,akshare.stock_financial_analysis_indicator,毛利率由利润表现算,2026-09-28
688111,金山办公,软件开发,72,12,20,8,2,10,10,10,21.8,85.7,13.7,0.56,1,6.1,1.49,29.2,5,222.0,5,akshare.stock_financial_analysis_indicator,毛利率由利润表现算,2026-09-28
002558,巨人网络,游戏Ⅱ,72,12,20,4,12,7,10,7,21.6,87.2,9.7,3.61,1,14.4,0.99,18.7,3,22.18,5,akshare.stock_financial_analysis_indicator,毛利率由利润表现算,2026-09-28
300308,中际旭创,通信设备,72,15,12,13,2,10,10,10,45.7,32.7,19.3,0.17,2,13.8,1.06,30.2,5,815.0,5,akshare.stock_financial_analysis_indicator,毛利率由利润表现算,2026-09-28
300442,润泽科技,通信服务,71,15,16,17,2,10,4,7,86.7,50.2,22.8,0.66,1,10.3,1.0,62.8,3,65.05,5,akshare.stock_financial_analysis_indicator,毛利率由利润表现算,2026-09-28
603288,海天味业,调味发酵品Ⅱ,71,3,12,17,12,10,10,7,5.0,37.3,21.9,4.13,3,12.1,1.01,19.8,3,32.93,5,akshare.stock_financial_analysis_indicator,毛利率由利润表现算,2026-09-28
600436,片仔癀,中药Ⅱ,71,6,12,17,9,7,10,10,7.6,44.5,20.7,2.55,2,22.2,0.83,14.1,4,116.66,5,akshare.stock_financial_analysis_indicator,毛利率由利润表现算,2026-09-28
688303,大全能源,光伏设备,70,15,12,13,9,7,10,4,36.3,36.0,16.0,2.7,1,2.0,0.93,8.6,2,15.5,5,akshare.stock_financial_analysis_indicator,毛利率由利润表现算,2026-09-28
600415,小商品城,一般零售,70,15,8,8,12,10,7,10,40.5,27.6,13.0,4.61,1,22.9,1.49,48.1,4,10.84,5,akshare.stock_financial_analysis_indicator,毛利率由利润表现算,2026-09-28
600803,新奥股份,燃气Ⅱ,69,6,4,20,15,10,4,10,9.8,14.9,25.8,6.08,2,31.8,1.32,53.2,4,18.74,5,akshare.stock_financial_analysis_indicator,毛利率由利润表现算,2026-09-28
600660,福耀玻璃,汽车零部件,69,12,12,13,5,10,7,10,18.1,35.8,18.4,1.89,1,33.2,1.37,46.4,5,52.91,5,akshare.stock_financial_analysis_indicator,毛利率由利润表现算,2026-09-28
002709,天赐材料,电池,69,15,8,17,2,10,10,7,50.8,28.0,20.4,0.82,2,12.2,1.11,33.0,3,30.47,5,akshare.stock_financial_analysis_indicator,毛利率由利润表现算,2026-09-28
600066,宇通客车,商用车,69,9,8,13,15,10,4,10,14.8,22.3,17.7,9.53,2,27.9,2.05,52.0,5,26.22,5,akshare.stock_financial_analysis_indicator,毛利率由利润表现算,2026-09-28
600989,宝丰能源,化学原料,69,15,12,13,5,10,7,7,25.9,34.9,18.9,1.87,1,6.9,1.28,46.3,3,22.45,5,akshare.stock_financial_analysis_indicator,毛利率由利润表现算,2026-09-28
688008,澜起科技,半导体,68,15,16,8,2,10,10,7,31.0,54.8,11.4,0.28,2,6.1,1.04,6.4,3,208.6,5,akshare.stock_financial_analysis_indicator,毛利率由利润表现算,2026-09-28
301269,华大九天,软件开发,68,15,20,4,2,10,10,7,26.7,91.2,5.1,0.17,1,3.0,2.92,16.8,3,86.45,5,akshare.stock_financial_analysis_indicator,毛利率由利润表现算,2026-09-28
000807,云铝股份,工业金属,68,12,4,13,9,10,10,10,16.6,16.2,17.7,2.76,2,26.9,1.34,19.8,4,25.37,5,akshare.stock_financial_analysis_indicator,毛利率由利润表现算,2026-09-28
600570,恒生电子,软件开发,68,6,20,13,5,7,10,7,8.1,72.9,16.8,1.03,1,22.0,0.84,32.5,3,19.42,5,akshare.stock_financial_analysis_indicator,毛利率由利润表现算,2026-09-28
600674,川投能源,电力,67,9,16,8,12,2,10,10,10.3,45.7,10.7,3.02,1,32.3,0.17,33.5,4,16.56,5,akshare.stock_financial_analysis_indicator,毛利率由利润表现算,2026-09-28
300866,安克创新,消费电子,67,15,12,17,2,4,7,10,27.1,41.3,20.2,0.66,1,5.4,0.78,46.6,5,121.1,5,akshare.stock_financial_analysis_indicator,毛利率由利润表现算,2026-09-28
300316,晶盛机电,光伏设备,67,15,12,17,2,4,10,7,33.3,36.6,20.6,0.16,1,14.1,0.71,33.7,3,38.7,5,akshare.stock_financial_analysis_indicator,毛利率由利润表现算,2026-09-28
000975,山金国际,贵金属,67,12,8,8,9,10,10,10,19.4,28.7,14.3,2.17,1,24.9,1.49,18.6,4,22.13,5,akshare.stock_financial_analysis_indicator,毛利率由利润表现算,2026-09-28
600887,伊利股份,饮料乳品,67,3,12,13,15,10,4,10,4.0,33.0,18.7,5.11,2,30.0,1.76,61.5,4,27.03,5,akshare.stock_financial_analysis_indicator,毛利率由利润表现算,2026-09-28
000651,格力电器,白色家电,67,3,8,17,15,10,4,10,0.6,28.2,23.1,7.81,2,28.8,1.18,61.7,4,38.4,5,akshare.stock_financial_analysis_indicator,毛利率由利润表现算,2026-09-28
002463,沪电股份,元件,66,12,12,13,2,10,7,10,22.1,31.7,18.8,0.43,1,15.0,1.18,46.5,4,117.2,5,akshare.stock_financial_analysis_indicator,毛利率由利润表现算,2026-09-28
300124,汇川技术,自动化设备,66,15,12,13,2,7,7,10,32.0,32.2,18.7,0.96,1,15.1,0.97,47.9,4,52.29,5,akshare.stock_financial_analysis_indicator,毛利率由利润表现算,2026-09-28
300750,宁德时代,电池,66,15,8,17,2,10,4,10,68.1,23.3,20.4,0.48,1,7.1,1.95,61.9,5,291.99,5,akshare.stock_financial_analysis_indicator,毛利率由利润表现算,2026-09-28
600900,长江电力,电力,66,9,16,8,12,10,4,7,10.0,59.6,14.1,3.5,2,22.1,1.73,58.3,3,28.55,5,akshare.stock_financial_analysis_indicator,毛利率由利润表现算,2026-09-28
600690,海尔智家,白色家电,66,6,8,13,15,10,4,10,7.6,28.9,16.3,5.76,2,32.4,1.45,57.4,5,20.16,5,akshare.stock_financial_analysis_indicator,毛利率由利润表现算,2026-09-28
600426,华鲁恒升,农化制品,66,12,8,13,9,10,10,4,24.6,24.6,18.2,2.58,2,23.1,1.09,28.5,2,19.4,5,akshare.stock_financial_analysis_indicator,毛利率由利润表现算,2026-09-28
002648,卫星化学,化学原料,66,15,8,17,5,10,4,7,43.6,22.8,20.0,1.87,1,14.1,1.55,51.7,3,26.79,5,akshare.stock_financial_analysis_indicator,毛利率由利润表现算,2026-09-28
603893,瑞芯微,半导体,66,12,12,13,2,10,10,7,22.6,38.3,15.2,0.71,2,6.2,1.36,21.5,3,211.28,5,akshare.stock_financial_analysis_indicator,毛利率由利润表现算,2026-09-28
600085,同仁堂,中药Ⅱ,66,6,16,8,9,10,10,7,6.4,46.1,11.3,2.14,1,28.1,1.19,30.2,3,23.33,5,akshare.stock_financial_analysis_indicator,毛利率由利润表现算,2026-09-28
601899,紫金矿业,工业金属,66,12,4,17,9,10,4,10,15.7,19.0,23.0,2.04,2,18.1,1.26,51.6,5,29.42,5,akshare.stock_financial_analysis_indicator,毛利率由利润表现算,2026-09-28
002920,德赛西威,汽车零部件,65,15,8,13,5,7,7,10,37.5,21.3,18.0,1.56,1,7.9,0.84,47.9,5,80.0,5,akshare.stock_financial_analysis_indicator,毛利率由利润表现算,2026-09-28
002049,紫光国微,半导体,64,12,16,13,2,4,10,7,17.5,59.1,19.2,0.53,1,20.0,0.75,27.4,3,58.63,5,akshare.stock_financial_analysis_indicator,毛利率由利润表现算,2026-09-28
300408,三环集团,元件,64,12,12,8,2,10,10,10,20.1,43.6,10.6,0.39,1,11.0,1.05,18.3,4,115.54,5,akshare.stock_financial_analysis_indicator,毛利率由利润表现算,2026-09-28
002304,洋河股份,白酒Ⅱ,64,3,20,8,12,4,10,7,0.5,74.0,14.9,3.97,1,16.2,0.68,20.0,3,37.01,5,akshare.stock_financial_analysis_indicator,毛利率由利润表现算,2026-09-28
002415,海康威视,计算机设备,63,6,12,13,5,10,10,7,8.3,44.1,19.1,1.71,1,16.1,1.04,33.9,3,32.16,5,akshare.stock_financial_analysis_indicator,毛利率由利润表现算,2026-09-28
301165,锐捷网络,通信设备,63,12,12,13,2,10,4,10,17.2,37.9,15.8,0.51,1,3.0,1.26,51.2,4,102.37,5,akshare.stock_financial_analysis_indicator,毛利率由利润表现算,2026-09-28
601689,拓普集团,汽车零部件,63,15,8,8,5,10,7,10,37.0,20.9,13.2,1.05,1,10.8,1.35,45.1,4,46.5,5,akshare.stock_financial_analysis_indicator,毛利率由利润表现算,2026-09-28
600219,南山铝业,工业金属,63,9,8,4,12,10,10,10,10.5,23.7,8.4,3.92,2,25.0,1.3,19.3,4,4.49,5,akshare.stock_financial_analysis_indicator,毛利率由利润表现算,2026-09-28
600089,特变电工,电网设备,63,12,8,13,9,10,4,7,19.4,26.3,15.0,2.09,1,28.0,1.83,55.6,3,17.26,5,akshare.stock_financial_analysis_indicator,毛利率由利润表现算,2026-09-28
600025,华能水电,电力,63,6,16,8,9,10,4,10,6.7,55.9,10.4,2.08,1,8.0,2.2,61.1,5,9.87,5,akshare.stock_financial_analysis_indicator,毛利率由利润表现算,2026-09-28
600600,青岛啤酒,非白酒,62,3,12,8,12,10,7,10,3.3,38.9,14.7,4.73,1,32.1,1.18,39.6,5,49.7,5,akshare.stock_financial_analysis_indicator,毛利率由利润表现算,2026-09-28
300803,指南针,软件开发,62,12,20,8,2,10,0,10,19.3,88.9,10.1,0.15,1,5.7,15.91,81.9,4,53.97,5,akshare.stock_financial_analysis_indicator,毛利率由利润表现算,2026-09-28
002422,科伦药业,化学制药,62,3,16,8,5,10,10,10,2.9,52.0,10.3,1.54,2,15.0,1.97,26.5,4,38.6,5,akshare.stock_financial_analysis_indicator,毛利率由利润表现算,2026-09-28
601088,中国神华,煤炭开采,62,6,12,8,12,10,10,4,6.4,35.4,14.5,4.15,2,18.1,1.36,23.3,2,48.39,5,akshare.stock_financial_analysis_indicator,毛利率由利润表现算,2026-09-28
002050,三花智控,家电零部件Ⅱ,62,12,8,13,2,10,7,10,21.1,27.1,16.0,0.34,1,20.4,1.16,35.1,5,35.44,5,akshare.stock_financial_analysis_indicator,毛利率由利润表现算,2026-09-28
002602,世纪华通,游戏Ⅱ,61,15,20,0,2,10,10,4,25.8,60.6,0.7,0.58,1,14.3,2.99,29.7,2,13.87,5,akshare.stock_financial_analysis_indicator,毛利率由利润表现算,2026-09-28
688041,海光信息,半导体,61,15,16,4,2,4,10,10,74.9,57.9,7.7,0.1,2,3.0,0.55,27.1,4,240.5,5,akshare.stock_financial_analysis_indicator,毛利率由利润表现算,2026-09-28
688082,盛美上海,半导体,61,15,16,8,2,0,10,10,47.8,47.9,11.4,0.22,1,3.0,-0.07,28.7,5,286.01,5,akshare.stock_financial_analysis_indicator,毛利率由利润表现算,2026-09-28
601816,京沪高铁,铁路公路,60,12,12,0,9,10,10,7,19.7,37.9,4.2,2.8,2,6.0,2.18,20.1,3,4.78,5,akshare.stock_financial_analysis_indicator,毛利率由利润表现算,2026-09-28
688036,传音控股,消费电子,60,9,8,17,5,10,4,7,12.9,21.3,22.9,1.49,1,6.2,1.0,53.5,3,53.72,5,akshare.stock_financial_analysis_indicator,毛利率由利润表现算,2026-09-28
601100,恒立液压,工程机械,60,6,12,13,2,7,10,10,7.4,42.1,19.4,0.96,2,14.0,0.93,20.0,4,90.0,5,akshare.stock_financial_analysis_indicator,毛利率由利润表现算,2026-09-28
688271,联影医疗,医疗器械,60,12,16,8,2,2,10,10,20.2,48.1,12.6,0.12,1,3.2,0.42,34.2,4,105.88,5,akshare.stock_financial_analysis_indicator,毛利率由利润表现算,2026-09-28
600276,恒瑞医药,化学制药,60,3,20,8,2,10,10,7,3.7,85.2,12.1,0.45,1,25.1,1.14,11.6,3,44.47,5,akshare.stock_financial_analysis_indicator,毛利率由利润表现算,2026-09-28
601058,赛轮轮胎,汽车零部件,59,12,8,13,5,10,4,7,19.0,23.4,16.2,1.14,1,14.2,1.11,50.1,3,13.21,5,akshare.stock_financial_analysis_indicator,毛利率由利润表现算,2026-09-28
600018,上港集团,航运港口,59,6,12,8,12,4,10,7,9.2,37.5,12.3,3.62,2,19.1,0.79,29.7,3,5.38,5,akshare.stock_financial_analysis_indicator,毛利率由利润表现算,2026-09-28
600309,万华化学,化学制品,59,15,4,17,5,10,4,4,26.7,17.9,20.3,1.17,1,25.4,1.82,62.8,2,69.4,5,akshare.stock_financial_analysis_indicator,毛利率由利润表现算,2026-09-28
600406,国电南瑞,电网设备,59,9,8,13,2,10,7,10,11.5,26.6,15.3,0.68,1,22.5,1.27,42.7,5,22.64,5,akshare.stock_financial_analysis_indicator,毛利率由利润表现算,2026-09-28
002028,思源电气,电网设备,59,12,8,13,2,7,7,10,24.2,29.7,15.9,0.58,1,21.2,0.88,47.0,5,121.07,5,akshare.stock_financial_analysis_indicator,毛利率由利润表现算,2026-09-28
002625,光启技术,航空装备Ⅱ,59,15,16,4,2,2,10,10,26.9,46.2,5.8,0.16,1,14.0,0.21,19.0,5,22.47,5,akshare.stock_financial_analysis_indicator,毛利率由利润表现算,2026-09-28
002353,杰瑞股份,专用设备,58,12,12,8,2,7,7,10,15.0,33.2,12.5,0.14,1,16.3,0.86,38.9,4,110.4,5,akshare.stock_financial_analysis_indicator,毛利率由利润表现算,2026-09-28
300274,阳光电源,光伏设备,58,15,8,17,2,2,4,10,38.7,27.2,24.4,0.79,1,14.5,0.48,58.1,4,81.06,5,akshare.stock_financial_analysis_indicator,毛利率由利润表现算,2026-09-28
601857,中国石油,炼化及贸易,58,6,8,8,9,10,7,10,9.4,22.1,10.0,2.32,1,18.3,2.5,36.4,4,11.19,5,akshare.stock_financial_analysis_indicator,毛利率由利润表现算,2026-09-28
000538,云南白药,中药Ⅱ,58,3,8,8,9,10,10,10,4.8,27.5,10.1,2.06,1,32.4,1.13,26.0,4,50.33,5,akshare.stock_financial_analysis_indicator,毛利率由利润表现算,2026-09-28
002179,中航光电,军工电子Ⅱ,58,12,12,8,5,4,7,10,16.2,35.4,13.7,1.65,1,18.1,0.77,38.5,4,33.27,5,akshare.stock_financial_analysis_indicator,毛利率由利润表现算,2026-09-28
002916,深南电路,元件,57,12,8,8,2,10,7,10,16.3,25.2,14.7,0.65,1,8.0,1.63,43.8,4,370.98,5,akshare.stock_financial_analysis_indicator,毛利率由利润表现算,2026-09-28
300476,胜宏科技,元件,57,15,8,8,2,10,4,10,30.9,23.4,14.0,0.93,1,10.0,1.38,52.9,4,213.5,5,akshare.stock_financial_analysis_indicator,毛利率由利润表现算,2026-09-28
600941,中国移动,通信服务,57,6,8,4,9,10,10,10,6.5,28.5,10.0,2.57,1,4.3,2.25,33.2,4,97.71,5,akshare.stock_financial_analysis_indicator,毛利率由利润表现算,2026-09-28
002938,鹏鼎控股,元件,57,6,8,8,5,10,10,10,6.0,21.6,13.0,1.26,1,7.0,1.97,28.9,4,79.66,5,akshare.stock_financial_analysis_indicator,毛利率由利润表现算,2026-09-28
601600,中国铝业,工业金属,57,6,4,8,12,10,7,10,7.5,14.1,12.5,3.11,2,19.1,2.32,46.0,5,8.68,5,akshare.stock_financial_analysis_indicator,毛利率由利润表现算,2026-09-28
603986,兆易创新,半导体,57,12,12,4,2,10,10,7,21.7,41.4,9.5,0.21,1,9.0,2.38,10.2,3,358.51,5,akshare.stock_financial_analysis_indicator,毛利率由利润表现算,2026-09-28
000895,双汇发展,食品加工,57,0,4,17,15,10,7,4,-4.2,17.1,23.8,6.15,2,26.8,1.26,45.3,2,23.57,5,akshare.stock_financial_analysis_indicator,毛利率由利润表现算,2026-09-28
688012,中微公司,半导体,57,15,12,4,2,4,10,10,40.5,42.6,8.5,0.11,1,2.7,0.6,23.8,4,324.5,5,akshare.stock_financial_analysis_indicator,毛利率由利润表现算,2026-09-28
600489,中金黄金,贵金属,57,9,4,8,9,10,7,10,10.7,13.7,11.0,2.19,1,22.2,1.91,41.8,5,20.95,5,akshare.stock_financial_analysis_indicator,毛利率由利润表现算,2026-09-28
600845,宝信软件,IT服务Ⅱ,57,3,12,13,5,10,7,7,3.9,33.8,19.3,1.28,1,31.0,1.09,46.5,3,18.01,5,akshare.stock_financial_analysis_indicator,毛利率由利润表现算,2026-09-28
600741,华域汽车,汽车零部件,57,6,4,8,15,10,4,10,6.7,13.2,12.1,6.68,1,29.6,1.2,64.3,4,14.98,5,akshare.stock_financial_analysis_indicator,毛利率由利润表现算,2026-09-28
601872,招商轮船,航运港口,57,9,8,8,5,10,7,10,10.6,24.3,13.8,1.55,2,19.1,1.62,46.7,4,20.65,5,akshare.stock_financial_analysis_indicator,毛利率由利润表现算,2026-09-28
002475,立讯精密,消费电子,56,15,4,13,2,10,2,10,30.7,11.7,19.7,0.6,2,15.1,1.44,66.1,5,49.92,5,akshare.stock_financial_analysis_indicator,毛利率由利润表现算,2026-09-28
600930,华电新能,电力,56,15,16,4,2,10,2,7,28.7,49.5,9.7,0.79,1,0.8,2.57,70.4,3,3.81,5,akshare.stock_financial_analysis_indicator,毛利率由利润表现算,2026-09-28
600886,国投电力,电力,55,6,12,4,12,10,4,7,6.5,35.2,8.9,3.31,1,30.2,2.37,60.5,3,15.33,5,akshare.stock_financial_analysis_indicator,毛利率由利润表现算,2026-09-28
000425,徐工机械,工程机械,55,6,8,8,9,10,4,10,6.6,21.5,10.8,2.83,1,29.8,1.11,64.0,4,7.06,5,akshare.stock_financial_analysis_indicator,毛利率由利润表现算,2026-09-28
300433,蓝思科技,消费电子,55,12,4,4,5,10,10,10,15.4,17.7,6.3,1.74,2,10.0,3.07,34.7,4,31.6,5,akshare.stock_financial_analysis_indicator,毛利率由利润表现算,2026-09-28
600196,复星医药,化学制药,55,6,16,4,5,10,7,7,7.2,48.3,7.7,1.68,1,27.5,1.11,48.5,3,23.24,5,akshare.stock_financial_analysis_indicator,毛利率由利润表现算,2026-09-28
688072,拓荆科技,半导体,55,15,12,8,2,4,4,10,73.6,43.4,11.4,0.05,1,2.9,0.76,64.1,4,653.8,5,akshare.stock_financial_analysis_indicator,毛利率由利润表现算,2026-09-28
001965,招商公路,铁路公路,55,9,12,4,12,7,7,4,14.2,35.5,8.1,3.79,1,8.0,0.93,43.6,2,9.85,5,akshare.stock_financial_analysis_indicator,毛利率由利润表现算,2026-09-28
000963,华东医药,化学制药,55,6,12,8,5,10,7,7,5.3,32.1,14.0,1.3,1,26.2,1.2,35.5,3,27.02,5,akshare.stock_financial_analysis_indicator,毛利率由利润表现算,2026-09-28
601633,长城汽车,乘用车,54,12,4,8,9,10,4,7,17.2,18.2,12.2,2.54,1,14.1,3.11,61.0,3,13.79,5,akshare.stock_financial_analysis_indicator,毛利率由利润表现算,2026-09-28
601728,中国电信,通信服务,54,6,8,4,9,10,7,10,6.2,28.8,6.8,2.57,1,4.3,4.6,46.2,5,6.25,5,akshare.stock_financial_analysis_indicator,毛利率由利润表现算,2026-09-28
600183,生益科技,元件,54,12,8,8,2,10,7,7,16.3,23.3,14.6,0.91,2,26.9,1.37,42.3,3,131.95,5,akshare.stock_financial_analysis_indicator,毛利率由利润表现算,2026-09-28
601018,宁波港,航运港口,54,6,12,4,2,10,10,10,7.9,30.1,6.5,0.9,1,15.2,1.56,27.0,4,3.43,5,akshare.stock_financial_analysis_indicator,毛利率由利润表现算,2026-09-28
600919,江苏银行,银行Ⅱ,54,6,8,8,12,10,0,10,8.4,,11.1,4.62,2,9.1,5.34,92.9,5,12.22,4,akshare.stock_financial_analysis_indicator,营收CAGR由新浪利润表补充; 金融业等无毛利率，厚雪给中性分(8/20),2026-09-28
600176,中国巨石,玻璃玻纤,54,9,12,13,2,4,7,7,14.1,33.4,16.0,0.92,2,25.8,0.78,40.4,3,39.27,5,akshare.stock_financial_analysis_indicator,毛利率由利润表现算,2026-09-28
601009,南京银行,银行Ⅱ,54,6,8,8,12,10,0,10,7.9,,11.4,4.45,2,17.9,4.22,93.0,5,11.9,5,akshare.stock_financial_analysis_indicator,营收CAGR由新浪利润表补充; 金融业等无毛利率，厚雪给中性分(8/20),2026-09-28
002142,宁波银行,银行Ⅱ,54,6,8,8,12,10,0,10,8.1,,13.5,3.47,2,18.1,3.94,93.1,5,34.55,4,akshare.stock_financial_analysis_indicator,营收CAGR由新浪利润表补充; 金融业等无毛利率，厚雪给中性分(8/20),2026-09-28
300251,光线传媒,影视院线,54,15,12,0,5,10,10,2,45.5,40.2,2.6,1.38,1,14.1,1.43,9.6,1,10.87,5,akshare.stock_financial_analysis_indicator,毛利率由利润表现算,2026-09-28
001391,国货航,物流,54,6,4,8,9,10,10,7,8.2,18.3,12.8,2.28,1,1.0,1.52,10.4,3,3.81,5,akshare.stock_financial_analysis_indicator,毛利率由利润表现算,2026-09-28
603799,华友钴业,能源金属,53,15,4,8,5,7,4,10,35.0,17.5,13.8,1.46,1,10.9,0.84,61.9,4,34.14,5,akshare.stock_financial_analysis_indicator,毛利率由利润表现算,2026-09-28
601985,中国核电,电力,53,6,12,4,9,10,2,10,9.6,43.8,9.6,2.0,2,10.0,2.43,69.0,4,9.0,5,akshare.stock_financial_analysis_indicator,毛利率由利润表现算,2026-09-28
300014,亿纬锂能,电池,53,15,4,8,2,10,4,10,56.5,17.6,12.0,0.48,1,16.3,1.22,64.2,4,47.58,5,akshare.stock_financial_analysis_indicator,毛利率由利润表现算,2026-09-28
002460,赣锋锂业,能源金属,53,15,8,13,2,7,4,4,67.0,25.9,15.9,0.36,1,15.1,0.86,54.2,2,41.9,5,akshare.stock_financial_analysis_indicator,毛利率由利润表现算,2026-09-28
002371,北方华创,半导体,53,15,12,8,2,2,4,10,45.8,41.4,13.4,0.12,1,15.0,0.06,51.1,4,633.93,5,akshare.stock_financial_analysis_indicator,毛利率由利润表现算,2026-09-28
600061,国投资本,多元金融,53,3,20,4,9,10,0,7,0.0,93.4,6.1,2.55,1,28.1,3.42,81.0,3,6.09,5,akshare.stock_financial_analysis_indicator,毛利率由利润表现算,2026-09-28
300418,昆仑万维,数字媒体,53,15,20,0,2,4,10,2,27.7,74.3,1.8,0.12,1,9.0,0.68,22.7,1,40.36,5,akshare.stock_financial_analysis_indicator,毛利率由利润表现算,2026-09-28
600905,三峡能源,电力,53,12,16,4,5,10,2,4,21.9,53.6,7.5,1.16,1,4.7,2.56,71.9,2,3.53,5,akshare.stock_financial_analysis_indicator,毛利率由利润表现算,2026-09-28
600039,四川路桥,基础建设,53,12,4,13,15,2,0,7,16.8,16.1,19.2,5.71,2,22.1,0.45,79.1,3,8.62,5,akshare.stock_financial_analysis_indicator,毛利率由利润表现算,2026-09-28
600050,中国联通,通信服务,53,6,8,0,12,10,7,10,5.3,24.1,5.0,3.96,2,23.0,5.66,43.9,5,4.13,5,akshare.stock_financial_analysis_indicator,毛利率由利润表现算,2026-09-28
002352,顺丰控股,物流,52,12,4,4,5,10,7,10,15.7,13.0,8.7,1.61,1,16.2,3.49,49.0,4,30.44,5,akshare.stock_financial_analysis_indicator,毛利率由利润表现算,2026-09-28
688506,百利天恒,生物制品,52,15,20,0,0,10,7,0,165.3,77.5,-99.0,,0,,1.09,42.1,0,239.53,5,akshare.stock_financial_analysis_indicator,毛利率由利润表现算,2026-09-28
603993,洛阳钼业,工业金属,52,9,4,13,2,10,4,10,14.5,13.8,16.4,0.56,1,13.7,1.61,50.3,5,16.83,5,akshare.stock_financial_analysis_indicator,毛利率由利润表现算,2026-09-28
601888,中国中免,旅游零售Ⅱ,52,3,12,8,5,10,10,4,2.4,31.7,13.9,1.38,2,15.1,1.1,18.5,2,50.79,5,akshare.stock_financial_analysis_indicator,毛利率由利润表现算,2026-09-28
600188,兖矿能源,煤炭开采,52,0,12,17,5,10,4,4,-5.1,35.5,22.0,1.02,1,27.9,1.27,62.2,2,19.66,5,akshare.stock_financial_analysis_indicator,毛利率由利润表现算,2026-09-28
603296,华勤技术,消费电子,52,15,0,13,5,7,2,10,25.5,9.2,16.4,1.6,1,2.0,0.85,72.6,4,74.84,5,akshare.stock_financial_analysis_indicator,毛利率由利润表现算,2026-09-28
002714,牧原股份,养殖业,52,12,4,8,12,10,4,2,23.2,15.2,13.8,3.25,2,11.9,1.89,54.2,1,41.71,5,akshare.stock_financial_analysis_indicator,毛利率由利润表现算,2026-09-28
601898,中煤能源,煤炭开采,52,3,8,8,9,10,7,7,4.6,24.1,12.6,2.7,2,18.1,1.73,45.8,3,14.18,5,akshare.stock_financial_analysis_indicator,毛利率由利润表现算,2026-09-28
600233,圆通速递,物流,52,12,0,8,2,10,10,10,16.9,9.7,12.4,0.67,1,25.3,1.73,34.9,4,18.03,5,akshare.stock_financial_analysis_indicator,毛利率由利润表现算,2026-09-28
601138,工业富联,消费电子,51,12,0,13,5,7,4,10,17.5,7.6,16.7,1.66,2,7.1,0.88,63.4,5,58.92,5,akshare.stock_financial_analysis_indicator,毛利率由利润表现算,2026-09-28
600926,杭州银行,银行Ⅱ,51,6,8,8,9,10,0,10,7.2,,14.1,2.74,1,9.3,3.8,93.1,5,16.81,4,akshare.stock_financial_analysis_indicator,营收CAGR由新浪利润表补充; 金融业等无毛利率，厚雪给中性分(8/20),2026-09-28
688396,华润微,半导体,51,9,12,4,2,10,10,4,10.2,31.6,7.9,0.14,2,6.0,2.15,18.7,2,56.31,5,akshare.stock_financial_analysis_indicator,毛利率由利润表现算,2026-09-28
688981,中芯国际,半导体,51,12,8,4,0,10,10,7,20.9,25.9,5.6,,0,,2.99,33.0,3,116.56,5,akshare.stock_financial_analysis_indicator,毛利率由利润表现算,2026-09-28
600036,招商银行,银行Ⅱ,51,3,8,8,12,10,0,10,0.5,,13.0,4.96,2,23.0,2.8,90.2,5,40.64,4,akshare.stock_financial_analysis_indicator,营收CAGR由新浪利润表补充; 金融业等无毛利率，厚雪给中性分(8/20),2026-09-28
600438,通威股份,光伏设备,51,12,4,4,15,10,2,4,24.6,19.8,9.4,8.18,1,18.9,1.3,72.6,2,11.06,5,akshare.stock_financial_analysis_indicator,毛利率由利润表现算,2026-09-28
601766,中国中车,轨交设备Ⅱ,51,3,8,4,12,10,4,10,3.8,21.0,7.3,3.76,2,17.1,1.5,60.8,4,6.12,5,akshare.stock_financial_analysis_indicator,毛利率由利润表现算,2026-09-28
002837,英维克,专用设备,51,15,8,8,2,4,4,10,29.0,29.1,13.8,0.31,1,9.0,0.73,55.3,5,54.36,5,akshare.stock_financial_analysis_indicator,毛利率由利润表现算,2026-09-28
002532,天山铝业,工业金属,51,3,4,8,12,10,7,7,1.9,20.0,14.3,4.68,3,15.3,1.27,45.4,3,11.75,5,akshare.stock_financial_analysis_indicator,毛利率由利润表现算,2026-09-28
001280,中国铀业,小金属,51,12,8,8,2,4,7,10,22.7,20.4,12.7,0.43,1,0.8,0.71,43.0,4,60.26,5,akshare.stock_financial_analysis_indicator,毛利率由利润表现算,2026-09-28
601169,北京银行,银行Ⅱ,50,3,8,4,15,10,0,10,0.7,,7.1,5.1,1,18.0,5.75,92.3,4,5.45,4,akshare.stock_financial_analysis_indicator,营收CAGR由新浪利润表补充; 金融业等无毛利率，厚雪给中性分(8/20),2026-09-28
600160,巨化股份,化学制品,50,9,4,8,2,10,7,10,11.3,18.4,11.8,0.66,1,27.3,1.51,38.5,4,33.54,5,akshare.stock_financial_analysis_indicator,毛利率由利润表现算,2026-09-28
688183,生益电子,元件,50,15,8,4,2,10,7,4,27.1,22.5,9.4,0.85,2,5.0,1.53,48.9,2,105.96,5,akshare.stock_financial_analysis_indicator,毛利率由利润表现算,2026-09-28
300059,东方财富,证券Ⅱ,50,6,20,8,2,7,0,7,5.9,95.6,13.8,0.56,1,15.8,0.92,76.6,3,17.87,5,akshare.stock_financial_analysis_indicator,毛利率由利润表现算,2026-09-28
002236,大华股份,计算机设备,50,3,12,8,9,4,10,4,4.8,39.6,12.6,2.01,1,17.3,0.7,26.8,2,15.22,5,akshare.stock_financial_analysis_indicator,毛利率由利润表现算,2026-09-28
000063,中兴通讯,通信设备,50,6,12,8,5,10,2,7,5.9,36.4,11.9,1.33,1,28.1,1.43,65.3,3,30.79,5,akshare.stock_financial_analysis_indicator,毛利率由利润表现算,2026-09-28
601336,新华保险,保险Ⅱ,50,0,8,13,12,10,0,7,-8.2,,18.3,4.88,2,14.1,6.25,94.1,3,55.9,5,akshare.stock_financial_analysis_indicator,营收CAGR由新浪利润表补充; 金融业等无毛利率，厚雪给中性分(8/20),2026-09-28
601877,正泰电器,电网设备,49,9,8,8,2,10,2,10,12.8,23.7,10.1,0.2,1,16.3,2.1,66.1,4,24.45,5,akshare.stock_financial_analysis_indicator,毛利率由利润表现算,2026-09-28
000338,潍柴动力,汽车零部件,49,3,8,8,9,10,4,7,3.9,20.2,11.2,2.97,2,19.0,1.45,64.3,3,24.62,5,akshare.stock_financial_analysis_indicator,毛利率由利润表现算,2026-09-28
600346,恒力石化,炼化及贸易,49,6,4,8,9,10,2,10,6.7,11.6,12.9,2.25,2,23.9,4.69,74.5,4,16.42,5,akshare.stock_financial_analysis_indicator,毛利率由利润表现算,2026-09-28
688256,寒武纪,半导体,49,15,20,0,2,0,10,2,114.9,61.8,-9.2,0.15,1,0.8,-0.24,11.9,1,1020.0,5,akshare.stock_financial_analysis_indicator,毛利率由利润表现算,2026-09-28
600111,北方稀土,小金属,49,12,4,13,2,4,7,7,16.6,18.5,17.6,0.37,1,28.0,0.68,35.9,3,35.57,5,akshare.stock_financial_analysis_indicator,毛利率由利润表现算,2026-09-28
601319,中国人保,保险Ⅱ,48,3,8,8,9,10,0,10,2.9,,12.3,2.75,2,6.9,2.02,79.3,4,8.0,5,akshare.stock_financial_analysis_indicator,营收CAGR由新浪利润表补充; 金融业等无毛利率，厚雪给中性分(8/20),2026-09-28
601601,中国太保,保险Ⅱ,48,0,8,8,12,10,0,10,-0.3,,13.3,3.77,1,18.1,4.32,89.4,4,30.5,5,akshare.stock_financial_analysis_indicator,营收CAGR由新浪利润表补充; 金融业等无毛利率，厚雪给中性分(8/20),2026-09-28
601825,沪农商行,银行Ⅱ,48,3,8,8,9,10,0,10,1.7,,10.3,2.9,1,4.8,3.43,91.7,5,8.61,4,akshare.stock_financial_analysis_indicator,营收CAGR由新浪利润表补充; 金融业等无毛利率，厚雪给中性分(8/20),2026-09-28
002594,比亚迪,乘用车,48,15,4,8,2,10,2,7,41.7,17.2,15.0,0.43,1,12.0,6.97,70.7,3,83.35,5,akshare.stock_financial_analysis_indicator,毛利率由利润表现算,2026-09-28
000988,华工科技,自动化设备,48,12,8,8,2,4,4,10,21.2,20.3,11.5,0.27,1,25.1,0.74,51.4,5,92.61,5,akshare.stock_financial_analysis_indicator,毛利率由利润表现算,2026-09-28
603501,豪威集团,半导体,48,6,8,8,2,10,7,7,8.8,29.4,12.8,0.62,2,7.8,2.95,35.4,3,80.75,5,akshare.stock_financial_analysis_indicator,毛利率由利润表现算,2026-09-28
002311,海大集团,饲料,48,12,0,13,2,10,7,4,17.2,9.6,15.6,0.36,1,16.3,2.28,46.4,2,41.38,5,akshare.stock_financial_analysis_indicator,毛利率由利润表现算,2026-09-28
601939,建设银行,银行Ⅱ,48,0,8,8,12,10,0,10,-2.0,,10.6,3.53,2,18.1,2.72,91.9,5,11.0,5,akshare.stock_financial_analysis_indicator,营收CAGR由新浪利润表补充; 金融业等无毛利率，厚雪给中性分(8/20),2026-09-28
601998,中信银行,银行Ⅱ,47,3,8,4,12,10,0,10,1.0,,9.0,4.2,2,18.0,1.07,91.6,5,9.07,4,akshare.stock_financial_analysis_indicator,营收CAGR由新浪利润表补充; 金融业等无毛利率，厚雪给中性分(8/20),2026-09-28
601988,中国银行,银行Ⅱ,47,3,8,4,12,10,0,10,2.1,,8.6,3.41,2,19.0,2.46,91.6,5,6.63,4,akshare.stock_financial_analysis_indicator,营收CAGR由新浪利润表补充; 金融业等无毛利率，厚雪给中性分(8/20),2026-09-28
002230,科大讯飞,软件开发,47,12,12,0,2,10,4,7,16.5,41.9,4.8,0.27,1,17.1,2.22,55.7,3,37.25,5,akshare.stock_financial_analysis_indicator,毛利率由利润表现算,2026-09-28
003816,中国广核,电力,47,3,12,4,9,10,2,7,1.8,34.4,9.1,2.02,1,6.0,2.09,65.2,3,4.26,5,akshare.stock_financial_analysis_indicator,毛利率由利润表现算,2026-09-28
000625,长安汽车,乘用车,47,9,4,4,9,10,4,7,14.5,17.0,9.9,2.37,2,28.9,2.11,59.6,3,7.05,5,akshare.stock_financial_analysis_indicator,毛利率由利润表现算,2026-09-28
601006,大秦铁路,铁路公路,47,3,4,4,12,10,10,4,1.6,17.3,7.3,4.77,2,19.1,1.11,15.2,2,4.65,5,akshare.stock_financial_analysis_indicator,毛利率由利润表现算,2026-09-28
601288,农业银行,银行Ⅱ,47,3,8,4,12,10,0,10,0.2,,9.3,3.64,2,15.7,4.98,93.4,5,6.86,4,akshare.stock_financial_analysis_indicator,营收CAGR由新浪利润表补充; 金融业等无毛利率，厚雪给中性分(8/20),2026-09-28
601211,国泰海通,证券Ⅱ,47,9,8,4,9,10,0,7,10.2,,7.8,2.97,2,10.7,2.54,83.6,3,16.81,5,akshare.stock_financial_analysis_indicator,营收CAGR由新浪利润表补充; 金融业等无毛利率，厚雪给中性分(8/20),2026-09-28
600015,华夏银行,银行Ⅱ,47,0,8,4,15,10,0,10,-1.0,,7.7,6.8,2,22.7,3.9,91.6,4,6.18,4,akshare.stock_financial_analysis_indicator,营收CAGR由新浪利润表补充; 金融业等无毛利率，厚雪给中性分(8/20),2026-09-28
601916,浙商银行,银行Ⅱ,47,3,8,4,12,10,0,10,3.5,,7.6,4.65,1,6.0,2.61,94.0,4,2.82,4,akshare.stock_financial_analysis_indicator,营收CAGR由新浪利润表补充; 金融业等无毛利率，厚雪给中性分(8/20),2026-09-28
600023,浙能电力,电力,47,9,0,4,15,10,7,2,10.4,5.6,5.2,6.36,2,12.1,1.5,42.5,1,5.19,5,akshare.stock_financial_analysis_indicator,毛利率由利润表现算,2026-09-28
601658,邮储银行,银行Ⅱ,47,3,8,4,12,10,0,10,2.8,,8.8,4.1,2,6.1,3.87,93.8,5,5.32,4,akshare.stock_financial_analysis_indicator,营收CAGR由新浪利润表补充; 金融业等无毛利率，厚雪给中性分(8/20),2026-09-28
600549,厦门钨业,小金属,47,12,4,8,2,7,4,10,24.4,16.5,13.2,0.97,1,23.3,0.83,52.4,5,43.5,5,akshare.stock_financial_analysis_indicator,毛利率由利润表现算,2026-09-28
300122,智飞生物,生物制品,46,6,8,4,15,2,7,4,9.7,29.0,5.6,6.19,1,13.7,0.01,49.2,2,12.93,5,akshare.stock_financial_analysis_indicator,毛利率由利润表现算,2026-09-28
603260,合盛硅业,化学制品,46,15,8,8,5,4,4,2,27.7,27.0,13.1,1.46,1,7.2,0.67,65.0,1,30.91,5,akshare.stock_financial_analysis_indicator,毛利率由利润表现算,2026-09-28
000100,TCL科技,光学光电子,46,15,4,4,5,10,4,4,25.2,13.6,7.7,1.88,1,22.0,55.91,64.2,2,4.8,5,akshare.stock_financial_analysis_indicator,毛利率由利润表现算,2026-09-28
600026,中远海能,航运港口,46,9,8,0,5,10,7,7,10.2,21.8,3.4,1.79,1,23.1,2.1,46.1,3,21.23,5,akshare.stock_financial_analysis_indicator,毛利率由利润表现算,2026-09-28
601838,成都银行,银行Ⅱ,46,6,8,13,9,0,0,10,7.2,,15.3,2.57,1,8.3,-0.64,92.9,5,19.04,4,akshare.stock_financial_analysis_indicator,营收CAGR由新浪利润表补充; 金融业等无毛利率，厚雪给中性分(8/20),2026-09-28
600547,山东黄金,贵金属,46,12,4,4,5,10,4,7,17.0,15.6,5.7,1.36,2,22.2,2.68,62.2,3,26.16,5,akshare.stock_financial_analysis_indicator,毛利率由利润表现算,2026-09-28
000708,中信特钢,特钢Ⅱ,46,6,4,13,5,10,4,4,8.3,14.5,17.0,1.56,1,29.1,1.95,58.8,2,12.79,5,akshare.stock_financial_analysis_indicator,毛利率由利润表现算,2026-09-28
000657,中钨高新,小金属,45,9,8,8,2,4,4,10,12.6,21.0,10.9,0.43,1,29.6,0.79,50.8,4,53.25,5,akshare.stock_financial_analysis_indicator,毛利率由利润表现算,2026-09-28
600875,东方电气,其他电源设备Ⅱ,45,12,4,4,9,4,2,10,16.6,17.5,8.1,2.33,1,30.1,0.72,70.4,4,22.71,5,akshare.stock_financial_analysis_indicator,毛利率由利润表现算,2026-09-28
600031,三一重工,工程机械,45,0,8,4,9,10,7,7,-1.1,26.6,10.0,2.85,2,22.2,1.58,48.4,3,17.19,5,akshare.stock_financial_analysis_indicator,毛利率由利润表现算,2026-09-28
600150,中国船舶,航海装备Ⅱ,45,15,4,0,2,10,4,10,26.4,10.2,3.9,0.96,1,27.1,3.39,64.4,4,38.08,5,akshare.stock_financial_analysis_indicator,毛利率由利润表现算,2026-09-28
601077,渝农商行,银行Ⅱ,44,0,8,4,12,10,0,10,-1.8,,8.9,4.82,2,6.0,3.0,91.6,5,6.66,4,akshare.stock_financial_analysis_indicator,营收CAGR由新浪利润表补充; 金融业等无毛利率，厚雪给中性分(8/20),2026-09-28
601398,工商银行,银行Ⅱ,44,0,8,4,12,10,0,10,-2.9,,9.5,3.81,2,18.9,3.1,92.0,5,8.15,4,akshare.stock_financial_analysis_indicator,营收CAGR由新浪利润表补充; 金融业等无毛利率，厚雪给中性分(8/20),2026-09-28
688223,晶科能源,光伏设备,44,12,0,0,15,10,0,7,23.3,8.8,2.9,6.09,1,1.9,14.95,77.2,3,3.68,5,akshare.stock_financial_analysis_indicator,毛利率由利润表现算,2026-09-28
600760,中航沈飞,航空装备Ⅱ,44,9,4,13,2,4,2,10,11.0,11.4,17.5,0.93,2,29.6,0.78,66.9,5,43.34,5,akshare.stock_financial_analysis_indicator,毛利率由利润表现算,2026-09-28
601328,交通银行,银行Ⅱ,44,0,8,4,12,10,0,10,-0.4,,8.3,4.28,2,18.1,1.17,91.8,5,7.59,4,akshare.stock_financial_analysis_indicator,营收CAGR由新浪利润表补充; 金融业等无毛利率，厚雪给中性分(8/20),2026-09-28
002493,荣盛石化,炼化及贸易,44,15,4,4,2,10,2,7,27.2,14.4,7.9,0.73,1,15.1,10.44,74.9,3,13.69,5,akshare.stock_financial_analysis_indicator,毛利率由利润表现算,2026-09-28
603019,中科曙光,计算机设备,44,6,8,4,2,7,7,10,8.4,27.2,9.4,0.56,2,11.0,0.83,43.7,5,80.02,5,akshare.stock_financial_analysis_indicator,毛利率由利润表现算,2026-09-28
601881,中国银河,证券Ⅱ,44,0,8,4,12,10,0,10,-5.8,,8.0,3.02,2,9.0,1.85,82.7,4,11.58,5,akshare.stock_financial_analysis_indicator,营收CAGR由新浪利润表补充; 金融业等无毛利率，厚雪给中性分(8/20),2026-09-28
301236,软通动力,IT服务Ⅱ,43,15,4,4,2,10,4,4,25.0,17.8,7.4,0.14,1,3.6,1.53,61.0,2,35.55,5,akshare.stock_financial_analysis_indicator,毛利率由利润表现算,2026-09-28
002241,歌尔股份,消费电子,43,9,4,4,5,10,4,7,12.3,11.4,8.8,1.51,2,17.0,3.76,58.9,3,23.15,5,akshare.stock_financial_analysis_indicator,毛利率由利润表现算,2026-09-28
601669,中国电建,基础建设,43,9,4,4,9,10,0,7,10.3,12.7,7.2,2.33,1,14.0,1.66,79.6,3,4.52,5,akshare.stock_financial_analysis_indicator,毛利率由利润表现算,2026-09-28
300450,先导智能,电池,43,12,12,8,2,0,2,7,24.5,35.1,13.4,0.92,1,10.8,-0.32,66.4,3,31.2,5,akshare.stock_financial_analysis_indicator,毛利率由利润表现算,2026-09-28
002074,国轩高科,电池,43,15,4,0,2,10,2,10,50.6,17.3,3.7,0.38,1,19.1,4.47,71.0,4,26.07,5,akshare.stock_financial_analysis_indicator,毛利率由利润表现算,2026-09-28
600362,江西铜业,工业金属,43,9,0,4,9,7,4,10,12.1,3.5,8.7,2.44,2,24.0,0.85,57.0,5,40.92,5,akshare.stock_financial_analysis_indicator,毛利率由利润表现算,2026-09-28
600460,士兰微,半导体,43,15,8,4,2,10,4,0,26.5,24.6,8.6,0.25,1,22.2,3.89,52.1,0,31.4,5,akshare.stock_financial_analysis_indicator,毛利率由利润表现算,2026-09-28
600372,中航机载,航空装备Ⅱ,43,15,8,4,2,0,4,10,33.8,28.8,5.0,0.6,2,24.0,-0.18,52.1,4,11.24,5,akshare.stock_financial_analysis_indicator,毛利率由利润表现算,2026-09-28
600482,中国动力,其他电源设备Ⅱ,42,12,4,0,2,10,4,10,16.9,14.0,2.3,0.84,2,21.2,5.7,54.1,4,33.74,5,akshare.stock_financial_analysis_indicator,毛利率由利润表现算,2026-09-28
601117,中国化学,专业工程,42,9,4,4,9,4,2,10,11.9,10.2,9.6,2.96,2,15.1,0.77,69.9,5,7.13,5,akshare.stock_financial_analysis_indicator,毛利率由利润表现算,2026-09-28
601127,赛力斯,乘用车,42,15,4,0,9,10,2,2,88.9,16.0,-3.0,2.46,2,9.1,4.73,70.9,1,45.09,5,akshare.stock_financial_analysis_indicator,毛利率由利润表现算,2026-09-28
600795,国电电力,电力,42,6,4,4,12,10,2,4,9.4,13.0,8.7,4.46,2,29.2,4.14,73.4,2,5.4,5,akshare.stock_financial_analysis_indicator,毛利率由利润表现算,2026-09-28
000157,中联重科,工程机械,42,0,8,4,15,4,4,7,-2.1,25.8,7.2,6.78,2,25.1,0.73,55.0,3,5.9,5,akshare.stock_financial_analysis_indicator,毛利率由利润表现算,2026-09-28
601628,中国人寿,保险Ⅱ,42,0,8,8,9,10,0,7,-8.0,,13.9,2.33,2,19.0,7.91,92.0,3,36.77,5,akshare.stock_financial_analysis_indicator,营收CAGR由新浪利润表补充; 金融业等无毛利率，厚雪给中性分(8/20),2026-09-28
601456,国联民生,证券Ⅱ,41,15,8,0,2,10,2,4,26.8,,4.0,0.7,1,5.1,5.24,74.0,2,8.57,5,akshare.stock_financial_analysis_indicator,营收CAGR由新浪利润表补充; 金融业等无毛利率，厚雪给中性分(8/20),2026-09-28
601698,中国卫通,航天装备Ⅱ,41,0,12,0,2,10,10,7,-0.4,33.4,3.8,0.14,1,6.0,2.76,9.6,3,23.03,5,akshare.stock_financial_analysis_indicator,毛利率由利润表现算,2026-09-28
600958,东方证券,证券Ⅱ,41,0,8,4,12,10,0,7,-10.9,,5.3,3.73,2,11.1,2.75,83.0,3,8.59,5,akshare.stock_financial_analysis_indicator,营收CAGR由新浪利润表补充; 金融业等无毛利率，厚雪给中性分(8/20),2026-09-28
300413,芒果超媒,数字媒体,41,0,12,8,5,2,10,4,-0.0,30.9,10.0,1.39,1,11.0,0.37,29.4,2,18.76,5,akshare.stock_financial_analysis_indicator,毛利率由利润表现算,2026-09-28
002384,东山精密,元件,41,6,4,8,2,10,4,7,7.5,15.1,10.1,0.04,1,14.7,2.94,64.0,3,168.28,5,akshare.stock_financial_analysis_indicator,毛利率由利润表现算,2026-09-28
600009,上海机场,航空机场,41,15,0,0,5,10,7,4,31.0,-3.1,-0.4,1.21,1,27.8,2.78,37.9,2,22.36,5,akshare.stock_financial_analysis_indicator,毛利率由利润表现算,2026-09-28
601901,方正证券,证券Ⅱ,41,6,8,4,9,4,0,10,5.1,,5.3,2.19,3,14.2,0.61,81.2,4,6.62,5,akshare.stock_financial_analysis_indicator,营收CAGR由新浪利润表补充; 金融业等无毛利率，厚雪给中性分(8/20),2026-09-28
000166,申万宏源,证券Ⅱ,41,0,8,4,9,10,0,10,-8.3,,6.2,2.53,2,10.1,4.92,81.1,4,4.34,5,akshare.stock_financial_analysis_indicator,营收CAGR由新浪利润表补充; 金融业等无毛利率，厚雪给中性分(8/20),2026-09-28
688521,芯原股份,半导体,40,12,12,0,0,10,4,2,17.9,40.1,-10.3,,0,,3.61,55.7,1,193.0,5,akshare.stock_financial_analysis_indicator,毛利率由利润表现算,2026-09-28
002600,领益智造,消费电子,40,9,4,4,2,10,4,7,13.3,17.7,9.3,0.17,1,14.2,2.05,57.9,3,12.01,5,akshare.stock_financial_analysis_indicator,毛利率由利润表现算,2026-09-28
601012,隆基绿能,光伏设备,40,9,4,4,5,10,4,4,11.4,12.5,6.5,1.57,1,12.1,1.26,64.4,2,10.81,5,akshare.stock_financial_analysis_indicator,毛利率由利润表现算,2026-09-28
600584,长电科技,半导体,40,6,4,4,2,10,7,7,8.6,15.3,8.8,0.08,1,22.3,2.79,43.6,3,65.43,5,akshare.stock_financial_analysis_indicator,毛利率由利润表现算,2026-09-28
000617,中油资本,多元金融,40,3,20,0,5,10,0,2,2.6,98.4,4.9,1.56,2,29.1,1.93,83.0,1,6.54,5,akshare.stock_financial_analysis_indicator,毛利率由利润表现算,2026-09-28
000725,京东方A,光学光电子,40,9,4,4,2,10,4,7,11.6,16.6,6.8,0.97,1,28.6,31.71,52.5,3,5.8,5,akshare.stock_financial_analysis_indicator,毛利率由利润表现算,2026-09-28
601668,中国建筑,房屋建设Ⅱ,39,6,4,8,15,2,0,4,5.5,10.3,11.8,6.44,1,16.1,0.2,76.9,2,4.22,5,akshare.stock_financial_analysis_indicator,毛利率由利润表现算,2026-09-28
302132,中航成飞,航空装备Ⅱ,39,15,8,4,5,0,0,7,827.4,25.0,9.5,1.72,2,15.1,-0.12,79.5,3,58.73,5,akshare.stock_financial_analysis_indicator,毛利率由利润表现算,2026-09-28
688009,中国通号,轨交设备Ⅱ,39,0,8,4,12,4,4,7,-2.7,26.1,7.5,3.65,1,6.1,0.55,55.7,3,4.66,5,akshare.stock_financial_analysis_indicator,毛利率由利润表现算,2026-09-28
601868,中国能建,基础建设,39,9,4,4,5,7,0,10,11.0,12.6,6.8,1.32,1,4.0,0.93,77.7,4,2.36,5,akshare.stock_financial_analysis_indicator,毛利率由利润表现算,2026-09-28
601318,中国平安,保险Ⅱ,38,0,8,8,5,10,0,7,-2.9,,11.8,1.87,1,19.2,3.07,89.8,3,52.4,5,akshare.stock_financial_analysis_indicator,营收CAGR由新浪利润表补充; 金融业等无毛利率，厚雪给中性分(8/20),2026-09-28
601166,兴业银行,银行Ⅱ,38,0,8,4,15,4,0,7,-1.0,,9.8,6.0,2,19.1,0.51,91.8,3,17.77,4,akshare.stock_financial_analysis_indicator,营收CAGR由新浪利润表补充; 金融业等无毛利率，厚雪给中性分(8/20),2026-09-28
600000,浦发银行,银行Ⅱ,38,0,8,4,12,10,0,4,-2.3,,6.3,4.59,1,26.0,2.56,91.8,2,9.16,4,akshare.stock_financial_analysis_indicator,营收CAGR由新浪利润表补充; 金融业等无毛利率，厚雪给中性分(8/20),2026-09-28
600030,中信证券,证券Ⅱ,38,0,8,4,9,10,0,7,-0.5,,8.7,2.7,2,22.8,2.55,84.3,3,25.94,5,akshare.stock_financial_analysis_indicator,营收CAGR由新浪利润表补充; 金融业等无毛利率，厚雪给中性分(8/20),2026-09-28
002202,金风科技,风电设备,38,6,4,4,5,10,2,7,6.3,16.3,6.2,1.16,1,18.4,1.49,71.7,3,17.23,5,akshare.stock_financial_analysis_indicator,毛利率由利润表现算,2026-09-28
601788,光大证券,证券Ⅱ,38,0,8,4,9,10,0,7,-10.2,,5.4,2.09,2,16.8,4.68,77.1,3,13.58,5,akshare.stock_financial_analysis_indicator,营收CAGR由新浪利润表补充; 金融业等无毛利率，厚雪给中性分(8/20),2026-09-28
601377,兴业证券,证券Ⅱ,38,0,8,4,9,10,0,7,-11.1,,5.7,2.61,2,15.1,3.81,80.7,3,5.74,5,akshare.stock_financial_analysis_indicator,营收CAGR由新浪利润表补充; 金融业等无毛利率，厚雪给中性分(8/20),2026-09-28
000001,平安银行,银行Ⅱ,38,0,8,4,9,10,0,7,-6.1,,9.3,2.2,1,34.5,1.69,90.7,3,11.3,4,akshare.stock_financial_analysis_indicator,营收CAGR由新浪利润表补充; 金融业等无毛利率，厚雪给中性分(8/20),2026-09-28
601688,华泰证券,证券Ⅱ,38,0,8,4,12,4,0,10,-1.4,,7.7,3.08,2,15.2,0.77,80.8,4,17.84,5,akshare.stock_financial_analysis_indicator,营收CAGR由新浪利润表补充; 金融业等无毛利率，厚雪给中性分(8/20),2026-09-28
601607,上海医药,医药商业,37,6,4,4,2,7,4,10,8.2,12.1,7.6,0.63,1,31.4,0.87,61.5,4,15.89,5,akshare.stock_financial_analysis_indicator,毛利率由利润表现算,2026-09-28
600011,华能国际,电力,37,6,0,0,15,10,2,4,6.9,9.7,1.5,5.76,1,24.0,4.01,65.3,2,6.94,5,akshare.stock_financial_analysis_indicator,毛利率由利润表现算,2026-09-28
002736,国信证券,证券Ⅱ,37,3,8,4,12,0,0,10,0.3,,7.5,4.65,2,11.0,-0.73,77.2,4,9.68,5,akshare.stock_financial_analysis_indicator,营收CAGR由新浪利润表补充; 金融业等无毛利率，厚雪给中性分(8/20),2026-09-28
601878,浙商证券,证券Ⅱ,37,0,8,4,5,10,0,10,-14.3,,6.8,1.91,2,8.0,1.26,78.9,4,8.91,5,akshare.stock_financial_analysis_indicator,营收CAGR由新浪利润表补充; 金融业等无毛利率，厚雪给中性分(8/20),2026-09-28
600019,宝钢股份,普钢,37,3,0,4,9,10,7,4,3.0,7.3,6.7,2.24,1,25.3,2.69,38.0,2,5.8,5,akshare.stock_financial_analysis_indicator,毛利率由利润表现算,2026-09-28
601229,上海银行,银行Ⅱ,37,0,8,4,15,0,0,10,-0.7,,9.6,5.47,2,8.9,-0.36,92.2,5,9.51,4,akshare.stock_financial_analysis_indicator,营收CAGR由新浪利润表补充; 金融业等无毛利率，厚雪给中性分(8/20),2026-09-28
601059,信达证券,证券Ⅱ,37,3,8,4,2,10,0,10,1.5,,7.8,0.56,2,2.9,2.51,77.9,4,15.56,5,akshare.stock_financial_analysis_indicator,营收CAGR由新浪利润表补充; 金融业等无毛利率，厚雪给中性分(8/20),2026-09-28
000630,铜陵有色,工业金属,36,9,0,4,5,7,4,7,12.4,7.6,9.7,1.76,2,29.5,0.98,53.6,3,5.69,5,akshare.stock_financial_analysis_indicator,毛利率由利润表现算,2026-09-28
600585,海螺水泥,水泥,36,0,8,4,2,10,10,2,-12.8,22.7,8.1,0.78,1,23.3,1.6,20.4,1,16.77,5,akshare.stock_financial_analysis_indicator,毛利率由利润表现算,2026-09-28
600027,华电国际,电力,36,6,0,0,12,10,4,4,7.0,4.1,3.2,4.7,2,21.0,2.82,61.4,2,4.89,5,akshare.stock_financial_analysis_indicator,毛利率由利润表现算,2026-09-28
000776,广发证券,证券Ⅱ,36,3,8,4,12,2,0,7,0.9,,7.4,3.03,2,27.3,0.26,83.3,3,19.81,5,akshare.stock_financial_analysis_indicator,营收CAGR由新浪利润表补充; 金融业等无毛利率，厚雪给中性分(8/20),2026-09-28
601800,中国交建,基础建设,35,3,4,4,12,2,0,10,3.2,12.1,6.8,3.4,2,14.0,0.21,76.8,4,5.76,5,akshare.stock_financial_analysis_indicator,毛利率由利润表现算,2026-09-28
600028,中国石化,炼化及贸易,35,6,4,4,5,10,4,2,6.9,16.2,7.0,1.94,1,24.2,2.74,54.1,1,5.41,5,akshare.stock_financial_analysis_indicator,毛利率由利润表现算,2026-09-28
300498,温氏股份,养殖业,35,6,0,0,12,10,7,0,7.7,7.4,-2.5,3.35,2,10.1,2.05,49.8,0,14.91,5,akshare.stock_financial_analysis_indicator,毛利率由利润表现算,2026-09-28
600588,用友网络,软件开发,35,3,16,0,2,10,4,0,1.6,53.1,-8.2,0.66,1,21.0,1.59,57.2,0,9.11,5,akshare.stock_financial_analysis_indicator,毛利率由利润表现算,2026-09-28
601186,中国铁建,基础建设,35,3,4,4,15,2,0,7,2.7,10.0,7.8,5.06,1,17.0,0.23,79.5,3,5.93,5,akshare.stock_financial_analysis_indicator,毛利率由利润表现算,2026-09-28
000301,东方盛虹,炼化及贸易,35,15,4,0,2,10,0,4,52.0,11.0,2.7,0.76,1,23.0,37.59,81.4,2,13.23,5,akshare.stock_financial_analysis_indicator,毛利率由利润表现算,2026-09-28
601021,春秋航空,航空机场,35,15,0,0,2,10,4,4,25.2,-0.6,3.7,0.82,1,11.3,13.39,61.3,2,40.44,5,akshare.stock_financial_analysis_indicator,毛利率由利润表现算,2026-09-28
601136,首创证券,证券Ⅱ,34,3,8,4,5,2,2,10,4.6,,6.8,1.21,2,3.0,0.42,73.7,4,13.85,5,akshare.stock_financial_analysis_indicator,营收CAGR由新浪利润表补充; 金融业等无毛利率，厚雪给中性分(8/20),2026-09-28
000977,浪潮信息,计算机设备,34,12,0,8,2,0,2,10,24.5,8.9,11.5,0.06,1,25.0,-0.12,73.6,4,67.05,5,akshare.stock_financial_analysis_indicator,毛利率由利润表现算,2026-09-28
600999,招商证券,证券Ⅱ,34,0,8,4,2,10,0,10,-4.0,,8.3,0.99,1,16.2,2.0,81.7,4,16.92,5,akshare.stock_financial_analysis_indicator,营收CAGR由新浪利润表补充; 金融业等无毛利率，厚雪给中性分(8/20),2026-09-28
601066,中信建投,证券Ⅱ,34,0,8,4,5,10,0,7,-6.0,,8.6,1.48,2,7.7,3.28,82.4,3,23.03,5,akshare.stock_financial_analysis_indicator,营收CAGR由新浪利润表补充; 金融业等无毛利率，厚雪给中性分(8/20),2026-09-28
601360,三六零,软件开发,34,0,20,0,2,2,10,0,-5.3,62.9,-1.7,0.56,1,14.4,0.4,21.9,0,8.95,5,akshare.stock_financial_analysis_indicator,毛利率由利润表现算,2026-09-28
601818,光大银行,银行Ⅱ,34,0,8,4,15,0,0,7,-4.6,,8.1,5.85,2,15.1,-0.93,91.5,3,2.99,4,akshare.stock_financial_analysis_indicator,营收CAGR由新浪利润表补充; 金融业等无毛利率，厚雪给中性分(8/20),2026-09-28
301308,江波龙,半导体,33,15,4,4,2,0,4,4,28.8,15.8,7.3,0.11,1,3.7,-2.11,63.2,2,312.0,5,akshare.stock_financial_analysis_indicator,毛利率由利润表现算,2026-09-28
688472,阿特斯,光伏设备,33,12,4,4,5,0,4,4,15.0,11.9,7.0,1.21,1,2.0,-5.18,63.7,2,8.18,5,akshare.stock_financial_analysis_indicator,毛利率由利润表现算,2026-09-28
601995,中金公司,证券Ⅱ,31,0,8,4,5,10,0,4,-1.4,,7.9,1.05,2,5.1,4.49,84.1,2,30.5,5,akshare.stock_financial_analysis_indicator,营收CAGR由新浪利润表补充; 金融业等无毛利率，厚雪给中性分(8/20),2026-09-28
600104,上汽集团,乘用车,31,0,4,0,9,10,4,4,-1.9,11.8,4.7,2.47,1,27.9,3.4,62.4,2,10.77,5,akshare.stock_financial_analysis_indicator,毛利率由利润表现算,2026-09-28
601618,中国中冶,专业工程,30,3,0,4,9,10,0,4,4.0,9.9,5.5,2.28,1,14.0,2.1,78.1,2,2.46,5,akshare.stock_financial_analysis_indicator,毛利率由利润表现算,2026-09-28
601390,中国中铁,基础建设,30,3,4,4,5,7,0,7,2.7,10.0,8.9,1.51,1,16.2,0.94,78.1,3,4.22,5,akshare.stock_financial_analysis_indicator,毛利率由利润表现算,2026-09-28
600221,海航控股,航空机场,30,15,0,0,5,10,0,0,31.1,-10.3,-334.5,1.49,1,19.8,14.61,96.5,0,1.21,5,akshare.stock_financial_analysis_indicator,毛利率由利润表现算,2026-09-28
688126,沪硅产业,半导体,29,12,0,0,2,4,7,4,17.3,5.8,-2.4,0.17,1,0.8,0.58,40.3,2,23.83,5,akshare.stock_financial_analysis_indicator,毛利率由利润表现算,2026-09-28
600029,南方航空,航空机场,29,12,0,0,5,10,0,2,18.5,0.4,-22.3,1.04,1,7.0,109.21,84.3,1,4.82,5,akshare.stock_financial_analysis_indicator,毛利率由利润表现算,2026-09-28
600048,保利发展,房地产开发,28,6,4,4,2,10,2,0,5.6,18.3,6.5,0.62,1,19.2,1.0,72.3,0,5.61,5,akshare.stock_financial_analysis_indicator,毛利率由利润表现算,2026-09-28
600522,中天科技,通信设备,28,3,4,4,2,4,7,4,4.0,15.8,7.3,0.83,1,23.1,0.78,38.1,2,31.32,5,akshare.stock_financial_analysis_indicator,毛利率由利润表现算,2026-09-28
600016,民生银行,银行Ⅱ,28,0,8,4,12,0,0,4,-4.1,,5.3,3.43,1,25.3,-0.21,91.0,2,3.44,4,akshare.stock_financial_analysis_indicator,营收CAGR由新浪利润表补充; 金融业等无毛利率，厚雪给中性分(8/20),2026-09-28
000938,紫光股份,IT服务Ⅱ,27,9,4,4,2,4,0,4,10.4,18.3,8.7,0.21,1,25.0,0.57,81.8,2,31.46,5,akshare.stock_financial_analysis_indicator,毛利率由利润表现算,2026-09-28
600918,中泰证券,证券Ⅱ,27,0,8,0,2,10,0,7,-3.5,,4.0,0.94,1,5.0,11.28,79.1,3,5.34,5,akshare.stock_financial_analysis_indicator,营收CAGR由新浪利润表补充; 金融业等无毛利率，厚雪给中性分(8/20),2026-09-28
600893,航发动力,航空装备Ⅱ,26,9,4,0,2,0,4,7,10.4,10.6,2.8,0.19,1,30.0,-3.94,60.0,3,38.68,5,akshare.stock_financial_analysis_indicator,毛利率由利润表现算,2026-09-28
600118,中国卫星,航天装备Ⅱ,25,0,4,0,2,10,7,2,-1.1,11.2,2.4,0.02,1,28.1,4.01,38.8,1,56.11,5,akshare.stock_financial_analysis_indicator,毛利率由利润表现算,2026-09-28
000768,中航西飞,航空装备Ⅱ,24,3,0,0,2,10,2,7,4.4,6.6,4.4,0.65,1,26.6,3.87,71.5,3,22.92,5,akshare.stock_financial_analysis_indicator,毛利率由利润表现算,2026-09-28
601111,中国国航,航空机场,24,15,0,0,2,0,0,7,33.2,-11.3,-39.6,0.77,1,13.1,,88.6,3,5.76,5,akshare.stock_financial_analysis_indicator,毛利率由利润表现算,2026-09-28
688047,龙芯中科,半导体,24,0,12,0,0,0,10,2,-6.7,43.0,-6.1,,0,,-7.42,20.7,1,99.91,5,akshare.stock_financial_analysis_indicator,毛利率由利润表现算,2026-09-28
300999,金龙鱼,农产品加工,24,6,0,0,2,10,4,2,5.0,6.1,3.4,0.95,1,5.1,2.47,55.9,1,24.18,5,akshare.stock_financial_analysis_indicator,毛利率由利润表现算,2026-09-28
601238,广汽集团,乘用车,24,9,0,0,2,2,7,4,11.1,5.7,2.3,0.98,2,12.9,0.12,49.0,2,5.09,5,akshare.stock_financial_analysis_indicator,毛利率由利润表现算,2026-09-28
001979,招商蛇口,房地产开发,23,3,4,0,2,10,2,2,4.4,17.8,4.7,0.71,1,10.1,5.8,67.5,1,7.19,5,akshare.stock_financial_analysis_indicator,毛利率由利润表现算,2026-09-28
600010,包钢股份,普钢,23,3,0,0,2,10,4,4,4.2,9.2,1.2,0.1,1,24.0,22.83,59.5,2,2.06,5,akshare.stock_financial_analysis_indicator,毛利率由利润表现算,2026-09-28
600115,中国东航,航空机场,22,15,0,0,5,0,0,2,30.4,-14.0,-37.4,1.51,1,19.0,,86.7,1,3.31,5,akshare.stock_financial_analysis_indicator,毛利率由利润表现算,2026-09-28
000002,万科A,房地产开发,21,0,4,0,15,2,0,0,-9.3,15.2,-15.3,18.33,1,31.1,0.12,76.9,0,3.71,5,akshare.stock_financial_analysis_indicator,毛利率由利润表现算,2026-09-28
600515,海南机场,航空机场,20,0,12,0,2,0,4,2,-3.0,37.8,3.5,0.19,1,23.9,-0.28,54.6,1,2.66,5,akshare.stock_financial_analysis_indicator,毛利率由利润表现算,2026-09-28
601727,上海电气,其他电源设备Ⅱ,20,0,4,0,2,10,0,4,-1.4,17.1,-3.9,0.22,1,17.2,4.52,75.4,2,6.44,5,akshare.stock_financial_analysis_indicator,毛利率由利润表现算,2026-09-28
