code,name,industry,total,roe_quality_score,roe_trend_score,reinvest_growth_score,cash_score,margin_safety_score,debt_score,roe_mean,roe_trend_diff,profit_growth_mean,ocf_mean,debt_latest,pe_ttm,pb,pe_percentile,pb_percentile,val_years,data_years,fin_source,note,data_date
605499,东鹏饮料,饮料乳品,94,25,15,20,15,15,4,35.8,15.5,41.0,1.58,64.7,16.63,4.19,0.2,0.5,1297,5,akshare.stock_financial_analysis_indicator,,2026-09-28
300628,亿联网络,通信设备,92,25,15,16,11,15,10,27.1,2.8,16.7,0.84,12.8,18.05,5.65,15.2,29.2,2121,5,akshare.stock_financial_analysis_indicator,,2026-09-28
002001,新和成,化学制品,91,20,15,16,15,15,10,17.3,4.9,22.4,1.38,27.7,10.95,2.25,13.5,21.1,2121,5,akshare.stock_financial_analysis_indicator,,2026-09-28
300750,宁德时代,电池,89,25,10,20,15,15,4,20.4,1.0,75.5,1.95,61.9,15.9,3.56,2.2,1.7,2016,5,akshare.stock_financial_analysis_indicator,,2026-09-28
600519,贵州茅台,白酒Ⅱ,88,25,15,12,11,15,10,32.9,4.0,11.8,0.87,16.4,19.09,6.19,1.5,2.0,2121,5,akshare.stock_financial_analysis_indicator,,2026-09-28
002311,海大集团,饲料,88,20,15,16,15,15,7,15.6,4.4,17.8,2.28,46.4,21.08,2.89,23.4,0.8,2121,5,akshare.stock_financial_analysis_indicator,,2026-09-28
300896,爱美客,医疗美容,87,25,6,20,11,15,10,22.4,-2.2,34.3,1.0,8.3,25.32,3.5,5.4,1.8,1454,5,akshare.stock_financial_analysis_indicator,,2026-09-28
603259,药明康德,医疗服务,87,20,15,20,15,7,10,17.9,3.5,51.0,1.13,22.2,22.66,5.89,33.8,51.7,2040,5,akshare.stock_financial_analysis_indicator,,2026-09-28
603501,豪威集团,半导体,87,15,15,20,15,15,7,12.8,2.1,94.8,2.95,35.4,31.37,3.13,16.9,0.5,2121,5,akshare.stock_financial_analysis_indicator,,2026-09-28
000596,古井贡酒,白酒Ⅱ,86,20,10,16,15,15,10,17.7,0.9,19.1,1.1,31.7,22.64,1.87,28.5,1.6,2121,5,akshare.stock_financial_analysis_indicator,,2026-09-28
000999,华润三九,中药Ⅱ,86,20,10,16,15,15,10,15.0,1.9,21.0,1.18,34.6,11.93,1.71,0.4,4.8,2121,5,akshare.stock_financial_analysis_indicator,,2026-09-28
300442,润泽科技,通信服务,86,25,15,20,15,7,4,22.8,7.8,76.0,1.0,62.8,19.87,7.37,50.2,59.3,2121,5,akshare.stock_financial_analysis_indicator,,2026-09-28
300394,天孚通信,通信设备,85,25,15,20,15,0,10,24.3,18.1,50.9,1.09,14.5,114.99,42.74,93.6,94.5,2121,5,akshare.stock_financial_analysis_indicator,,2026-09-28
002709,天赐材料,电池,85,25,0,20,15,15,10,20.4,-24.5,110.6,1.11,33.0,15.71,3.06,11.5,20.8,2121,5,akshare.stock_financial_analysis_indicator,,2026-09-28
600809,山西汾酒,白酒Ⅱ,85,25,0,20,15,15,10,35.3,-3.7,34.0,1.02,28.7,13.21,3.53,1.5,1.7,2121,5,akshare.stock_financial_analysis_indicator,,2026-09-28
601058,赛轮轮胎,汽车零部件,85,20,15,20,15,11,4,16.2,3.9,27.1,1.11,50.1,11.28,1.92,29.5,35.7,2121,5,akshare.stock_financial_analysis_indicator,,2026-09-28
600660,福耀玻璃,汽车零部件,84,20,15,20,15,7,7,18.4,7.5,29.6,1.37,46.4,16.29,3.62,15.8,51.0,2121,5,akshare.stock_financial_analysis_indicator,,2026-09-28
601899,紫金矿业,工业金属,83,25,15,20,15,4,4,23.0,4.0,55.1,1.26,51.6,11.56,3.87,3.0,69.6,2121,5,akshare.stock_financial_analysis_indicator,,2026-09-28
002920,德赛西威,汽车零部件,83,20,10,20,11,15,7,18.0,0.6,37.3,0.84,47.9,19.29,2.97,0.6,4.0,2121,5,akshare.stock_financial_analysis_indicator,,2026-09-28
002532,天山铝业,工业金属,83,15,15,20,15,11,7,14.3,3.5,32.6,1.27,45.4,7.87,1.69,3.4,37.5,2121,5,akshare.stock_financial_analysis_indicator,,2026-09-28
300274,阳光电源,光伏设备,82,25,15,20,3,15,4,24.4,8.2,60.1,0.48,58.1,15.3,3.35,20.5,28.9,2121,5,akshare.stock_financial_analysis_indicator,,2026-09-28
601689,拓普集团,汽车零部件,82,15,10,20,15,15,7,13.2,0.4,37.5,1.35,45.1,32.24,3.34,38.5,29.2,2121,5,akshare.stock_financial_analysis_indicator,,2026-09-28
002594,比亚迪,乘用车,82,15,15,20,15,15,2,15.0,4.2,80.7,6.97,70.7,25.82,3.17,22.2,24.6,2121,5,akshare.stock_financial_analysis_indicator,,2026-09-28
300033,同花顺,软件开发,82,25,15,16,15,4,7,25.7,4.3,17.6,1.15,40.0,40.78,19.43,38.0,76.8,2121,5,akshare.stock_financial_analysis_indicator,,2026-09-28
600233,圆通速递,物流,81,15,10,16,15,15,10,12.4,0.2,21.5,1.73,34.9,10.9,1.66,2.6,16.5,2121,5,akshare.stock_financial_analysis_indicator,,2026-09-28
300502,新易盛,通信设备,81,25,15,20,11,0,10,27.1,27.6,119.2,0.82,30.2,42.49,22.94,34.7,90.9,2121,5,akshare.stock_financial_analysis_indicator,,2026-09-28
688111,金山办公,软件开发,81,15,10,16,15,15,10,13.7,1.2,15.7,1.49,29.2,28.56,6.83,1.2,1.1,1666,5,akshare.stock_financial_analysis_indicator,,2026-09-28
601336,新华保险,保险Ⅱ,81,20,15,20,15,11,0,18.3,19.4,39.7,6.25,94.1,3.94,1.41,0.0,38.0,2121,5,akshare.stock_financial_analysis_indicator,,2026-09-28
603893,瑞芯微,半导体,80,20,15,20,15,0,10,15.2,8.4,79.7,1.36,21.5,65.36,18.16,12.8,81.6,1614,5,akshare.stock_financial_analysis_indicator,,2026-09-28
300308,中际旭创,通信设备,80,20,15,20,15,0,10,19.3,20.6,75.6,1.06,30.2,46.94,24.08,49.0,94.1,2121,5,akshare.stock_financial_analysis_indicator,,2026-09-28
600426,华鲁恒升,农化制品,80,20,0,20,15,15,10,18.2,-11.5,50.1,1.09,28.5,13.01,1.53,45.6,8.0,2121,5,akshare.stock_financial_analysis_indicator,,2026-09-28
601633,长城汽车,乘用车,80,15,15,16,15,15,4,12.2,2.4,18.3,3.11,61.0,19.74,1.36,43.8,8.0,2121,5,akshare.stock_financial_analysis_indicator,,2026-09-28
601628,中国人寿,保险Ⅱ,80,15,15,20,15,15,0,13.9,15.9,71.7,7.91,92.0,4.2,1.56,0.0,2.9,2121,5,akshare.stock_financial_analysis_indicator,,2026-09-28
605117,德业股份,光伏设备,80,25,6,20,15,7,7,31.1,-0.1,61.3,1.28,48.1,22.68,8.62,26.2,45.8,1321,5,akshare.stock_financial_analysis_indicator,,2026-09-28
601600,中国铝业,工业金属,79,15,15,20,15,7,7,12.5,8.2,103.1,2.32,46.0,8.52,1.76,1.4,57.5,2121,5,akshare.stock_financial_analysis_indicator,,2026-09-28
002050,三花智控,家电零部件Ⅱ,79,20,6,16,15,15,7,16.0,-2.7,23.8,1.16,35.1,37.31,4.59,50.0,26.6,2121,5,akshare.stock_financial_analysis_indicator,,2026-09-28
002027,分众传媒,广告营销,79,25,6,8,15,15,10,25.5,-0.1,6.3,1.86,27.7,19.82,4.83,40.2,10.5,2121,5,akshare.stock_financial_analysis_indicator,,2026-09-28
600406,国电南瑞,电网设备,79,20,10,12,15,15,7,15.3,0.5,11.2,1.27,42.7,21.65,3.49,13.2,26.6,2121,5,akshare.stock_financial_analysis_indicator,,2026-09-28
600600,青岛啤酒,非白酒,78,15,10,16,15,15,7,14.7,0.4,15.9,1.18,39.6,14.73,2.16,0.0,0.1,2121,5,akshare.stock_financial_analysis_indicator,,2026-09-28
002352,顺丰控股,物流,78,10,15,16,15,15,7,8.7,4.1,18.3,3.49,49.0,14.28,1.51,0.0,0.0,2121,5,akshare.stock_financial_analysis_indicator,,2026-09-28
000792,盐湖股份,农化制品,77,25,0,20,15,7,10,33.2,-29.1,83.8,1.16,14.2,10.16,2.56,50.1,41.9,2121,5,akshare.stock_financial_analysis_indicator,,2026-09-28
002463,沪电股份,元件,77,20,15,20,15,0,7,18.8,8.0,27.5,1.18,46.5,44.55,12.54,91.3,96.5,2121,5,akshare.stock_financial_analysis_indicator,,2026-09-28
688303,大全能源,光伏设备,76,20,0,20,11,15,10,16.0,-34.8,116.4,0.93,8.6,-20.95,0.88,22.5,0.1,1258,5,akshare.stock_financial_analysis_indicator,,2026-09-28
300661,圣邦股份,半导体,76,20,0,20,11,15,10,16.5,-9.9,37.9,0.97,23.4,104.72,8.21,52.5,15.6,2121,5,akshare.stock_financial_analysis_indicator,,2026-09-28
600690,海尔智家,白色家电,76,20,10,12,15,15,4,16.3,0.6,12.4,1.45,57.4,10.52,1.57,3.2,1.7,2121,5,akshare.stock_financial_analysis_indicator,,2026-09-28
600415,小商品城,一般零售,76,15,15,20,15,4,7,13.0,6.2,44.4,1.49,48.1,13.23,2.69,4.7,71.1,2121,5,akshare.stock_financial_analysis_indicator,,2026-09-28
601601,中国太保,保险Ⅱ,76,15,15,16,15,15,0,13.3,5.4,19.3,4.32,89.4,5.2,0.92,0.1,8.0,2121,5,akshare.stock_financial_analysis_indicator,,2026-09-28
600989,宝丰能源,化学原料,75,20,10,16,15,7,7,18.9,0.3,24.6,1.28,46.3,10.72,2.98,0.1,42.9,1791,5,akshare.stock_financial_analysis_indicator,,2026-09-28
300015,爱尔眼科,医疗服务,75,20,6,12,15,15,7,17.1,-1.9,14.3,1.59,36.2,28.71,3.18,6.8,0.0,2121,5,akshare.stock_financial_analysis_indicator,,2026-09-28
600309,万华化学,化学制品,75,25,0,16,15,15,4,20.3,-12.7,18.3,1.82,62.8,13.19,1.91,24.1,4.8,2121,5,akshare.stock_financial_analysis_indicator,,2026-09-28
600938,中国海油,油气开采Ⅱ,75,20,6,20,15,4,10,18.1,-2.1,54.1,1.71,26.7,11.51,1.86,84.9,76.7,1078,5,akshare.stock_financial_analysis_indicator,,2026-09-28
000975,山金国际,贵金属,75,15,15,16,15,4,10,14.3,6.7,21.4,1.49,18.6,16.18,3.85,1.3,75.4,2121,5,akshare.stock_financial_analysis_indicator,,2026-09-28
000807,云铝股份,工业金属,75,20,6,20,15,4,10,17.7,-0.8,61.6,1.34,19.8,8.02,2.31,11.8,75.2,2121,5,akshare.stock_financial_analysis_indicator,,2026-09-28
688036,传音控股,消费电子,75,25,0,16,15,15,4,22.9,-4.8,16.5,1.0,53.5,19.69,2.92,29.0,1.7,1696,5,akshare.stock_financial_analysis_indicator,,2026-09-28
688008,澜起科技,半导体,74,10,15,20,15,4,10,11.4,5.7,44.5,1.04,6.4,82.83,11.83,54.1,77.2,1745,5,akshare.stock_financial_analysis_indicator,,2026-09-28
300832,新产业,医疗器械,74,20,6,12,11,15,10,19.8,-0.5,12.8,0.81,8.0,22.7,4.35,5.5,7.4,1551,5,akshare.stock_financial_analysis_indicator,,2026-09-28
603993,洛阳钼业,工业金属,74,20,15,20,15,0,4,16.4,9.1,61.3,1.61,50.3,12.94,4.02,9.8,83.0,2121,5,akshare.stock_financial_analysis_indicator,,2026-09-28
300866,安克创新,消费电子,74,25,15,16,7,4,7,20.2,6.2,24.4,0.78,46.6,23.17,6.16,30.0,64.0,1479,5,akshare.stock_financial_analysis_indicator,,2026-09-28
600066,宇通客车,商用车,74,20,15,20,15,0,4,17.7,25.7,68.9,2.05,52.0,10.58,4.47,2.2,88.5,2121,5,akshare.stock_financial_analysis_indicator,,2026-09-28
002475,立讯精密,消费电子,74,20,6,16,15,15,2,19.7,-0.5,19.8,1.44,66.1,21.71,4.15,11.9,12.9,2121,5,akshare.stock_financial_analysis_indicator,,2026-09-28
601919,中远海控,航运港口,74,25,0,20,15,7,7,33.6,-27.5,138.9,1.3,41.4,9.39,1.08,58.3,42.4,2121,5,akshare.stock_financial_analysis_indicator,,2026-09-28
300316,晶盛机电,光伏设备,73,25,0,20,7,11,10,20.6,-17.4,27.2,0.71,33.7,106.03,2.95,90.8,19.8,2121,5,akshare.stock_financial_analysis_indicator,,2026-09-28
300476,胜宏科技,元件,73,15,15,20,15,4,4,14.0,9.1,75.5,1.38,52.9,41.75,5.53,76.1,79.7,2121,5,akshare.stock_financial_analysis_indicator,,2026-09-28
300760,迈瑞医疗,医疗器械,73,25,0,8,15,15,10,29.7,-4.6,6.8,1.12,27.4,24.39,4.73,9.9,3.8,1932,5,akshare.stock_financial_analysis_indicator,,2026-09-28
000651,格力电器,白色家电,73,25,6,8,15,15,4,23.1,-2.5,5.9,1.18,61.7,7.72,1.45,26.4,3.3,2121,5,akshare.stock_financial_analysis_indicator,,2026-09-28
600276,恒瑞医药,化学制药,73,15,10,8,15,15,10,12.1,2.0,7.6,1.14,11.6,38.2,4.58,1.9,0.3,2121,5,akshare.stock_financial_analysis_indicator,,2026-09-28
000568,泸州老窖,白酒Ⅱ,73,25,0,12,11,15,10,28.2,-5.1,14.8,0.93,23.0,13.72,2.25,14.9,0.2,2121,5,akshare.stock_financial_analysis_indicator,,2026-09-28
002028,思源电气,电网设备,73,20,15,20,11,0,7,15.9,4.2,28.0,0.88,47.0,28.53,5.76,58.2,88.2,2121,5,akshare.stock_financial_analysis_indicator,,2026-09-28
002049,紫光国微,半导体,72,20,0,20,7,15,10,19.2,-15.3,28.9,0.75,27.4,32.04,3.49,16.8,1.1,2121,5,akshare.stock_financial_analysis_indicator,,2026-09-28
601319,中国人保,保险Ⅱ,72,15,15,16,15,11,0,12.3,5.4,21.0,2.02,79.3,6.22,1.04,0.7,33.0,1909,5,akshare.stock_financial_analysis_indicator,,2026-09-28
600009,上海机场,航空机场,72,0,15,20,15,15,7,-0.4,8.6,47.7,2.78,37.9,24.31,1.29,38.7,0.0,2121,5,akshare.stock_financial_analysis_indicator,,2026-09-28
600887,伊利股份,饮料乳品,72,20,6,12,15,15,4,18.7,-0.3,11.7,1.76,61.5,16.89,3.18,21.3,18.1,2121,5,akshare.stock_financial_analysis_indicator,,2026-09-28
603986,兆易创新,半导体,72,10,6,20,15,11,10,9.5,-3.0,139.3,2.38,10.2,31.83,6.77,9.5,39.7,2121,5,akshare.stock_financial_analysis_indicator,,2026-09-28
600183,生益科技,元件,72,15,15,20,15,0,7,14.6,2.0,31.9,1.37,42.3,61.7,17.32,94.8,96.7,2121,5,akshare.stock_financial_analysis_indicator,,2026-09-28
300014,亿纬锂能,电池,71,15,6,16,15,15,4,12.0,-2.8,24.5,1.22,64.2,17.74,2.06,2.3,2.0,2121,5,akshare.stock_financial_analysis_indicator,,2026-09-28
603369,今世缘,白酒Ⅱ,70,25,0,12,11,15,7,21.2,-3.8,12.7,0.98,36.0,13.52,1.94,3.6,2.9,2121,5,akshare.stock_financial_analysis_indicator,,2026-09-28
002460,赣锋锂业,能源金属,70,20,0,20,11,15,4,15.9,-27.7,113.0,0.86,54.2,13.72,1.82,34.4,18.4,2121,5,akshare.stock_financial_analysis_indicator,,2026-09-28
002241,歌尔股份,消费电子,70,10,10,20,15,11,4,8.8,1.1,30.3,3.76,58.9,20.65,2.17,23.2,31.0,2121,5,akshare.stock_financial_analysis_indicator,,2026-09-28
000538,云南白药,中药Ⅱ,69,10,15,4,15,15,10,10.1,4.1,4.4,1.13,26.0,17.2,2.19,2.5,4.0,2121,5,akshare.stock_financial_analysis_indicator,,2026-09-28
000333,美的集团,白色家电,69,25,6,12,15,7,4,20.3,-2.7,10.2,1.37,61.2,14.1,2.95,45.2,45.9,2121,5,akshare.stock_financial_analysis_indicator,,2026-09-28
300124,汇川技术,自动化设备,69,20,0,16,11,15,7,18.7,-6.4,21.3,0.97,47.9,28.97,3.85,3.4,0.2,2121,5,akshare.stock_financial_analysis_indicator,,2026-09-28
603288,海天味业,调味发酵品Ⅱ,69,25,0,4,15,15,10,21.9,-5.1,2.3,1.01,19.8,26.33,4.93,0.0,1.0,2121,5,akshare.stock_financial_analysis_indicator,,2026-09-28
600436,片仔癀,中药Ⅱ,69,25,0,8,11,15,10,20.7,-4.7,7.6,0.83,14.1,38.9,4.82,2.6,1.2,2121,5,akshare.stock_financial_analysis_indicator,,2026-09-28
600188,兖矿能源,煤炭开采,68,25,0,20,15,4,4,22.0,-15.1,39.6,1.27,62.2,18.46,2.57,92.5,72.8,2121,5,akshare.stock_financial_analysis_indicator,,2026-09-28
000895,双汇发展,食品加工,68,25,6,0,15,15,7,23.8,-0.0,-3.2,1.26,45.3,16.05,3.91,19.9,9.0,2121,5,akshare.stock_financial_analysis_indicator,,2026-09-28
002648,卫星化学,化学原料,68,25,0,20,15,4,4,20.0,-3.5,56.7,1.55,51.7,10.26,2.37,16.9,65.4,2121,5,akshare.stock_financial_analysis_indicator,,2026-09-28
002916,深南电路,元件,68,15,15,16,15,0,7,14.7,2.2,21.7,1.63,43.8,60.64,14.02,91.3,92.3,2121,5,akshare.stock_financial_analysis_indicator,,2026-09-28
600160,巨化股份,化学制品,67,10,15,20,15,0,7,11.8,4.9,247.7,1.51,38.5,20.66,4.1,33.0,86.7,2121,5,akshare.stock_financial_analysis_indicator,,2026-09-28
600926,杭州银行,银行Ⅱ,67,15,10,16,15,11,0,14.1,0.3,21.8,3.8,93.1,6.04,0.85,30.7,33.1,2121,5,akshare.stock_financial_analysis_indicator,,2026-09-28
600346,恒力石化,炼化及贸易,67,15,0,20,15,15,2,12.9,-3.5,26.1,4.69,74.5,10.29,1.61,18.7,8.2,2121,5,akshare.stock_financial_analysis_indicator,,2026-09-28
600489,中金黄金,贵金属,67,10,15,20,15,0,7,11.0,5.5,27.1,1.91,41.8,15.4,3.13,0.6,88.7,2121,5,akshare.stock_financial_analysis_indicator,,2026-09-28
002466,天齐锂业,能源金属,67,15,0,20,11,11,10,12.5,-35.6,327.8,0.83,28.0,14.61,1.4,66.9,12.7,2121,5,akshare.stock_financial_analysis_indicator,,2026-09-28
002236,大华股份,计算机设备,67,15,0,20,7,15,10,12.6,-5.7,31.1,0.7,26.8,13.21,1.27,13.2,0.8,2121,5,akshare.stock_financial_analysis_indicator,,2026-09-28
688183,生益电子,元件,67,10,15,20,15,0,7,9.4,12.1,53.6,1.53,48.9,44.39,14.0,41.8,88.2,1358,5,akshare.stock_financial_analysis_indicator,,2026-09-28
002074,国轩高科,电池,67,0,15,20,15,15,2,3.7,4.5,122.0,4.47,71.0,13.9,1.57,11.5,16.2,2121,5,akshare.stock_financial_analysis_indicator,,2026-09-28
300251,光线传媒,影视院线,67,0,15,20,15,7,10,2.6,12.4,74.7,1.43,9.6,-60.83,3.35,12.8,59.5,2121,5,akshare.stock_financial_analysis_indicator,,2026-09-28
001280,中国铀业,小金属,66,15,6,16,7,15,7,12.7,-1.7,23.5,0.71,43.0,66.72,7.2,0.0,3.5,200,5,akshare.stock_financial_analysis_indicator,,2026-09-28
600089,特变电工,电网设备,66,20,0,20,15,7,4,15.0,-13.3,58.8,1.83,55.6,16.38,1.23,76.9,55.4,2121,5,akshare.stock_financial_analysis_indicator,,2026-09-28
600760,中航沈飞,航空装备Ⅱ,66,20,6,16,7,15,2,17.5,-0.2,19.6,0.78,66.9,43.04,5.25,34.9,14.8,2121,5,akshare.stock_financial_analysis_indicator,,2026-09-28
601138,工业富联,消费电子,66,20,15,16,11,0,4,16.7,2.4,16.5,0.88,63.4,24.92,6.65,84.8,88.8,2017,5,akshare.stock_financial_analysis_indicator,,2026-09-28
000408,藏格矿业,农化制品,66,25,0,20,11,0,10,26.1,-8.1,161.0,0.83,8.3,19.27,6.38,42.2,86.8,2121,5,akshare.stock_financial_analysis_indicator,,2026-09-28
600547,山东黄金,贵金属,66,5,15,16,15,11,4,5.7,5.8,24.6,2.68,62.2,22.03,3.64,7.7,31.4,2121,5,akshare.stock_financial_analysis_indicator,,2026-09-28
000963,华东医药,化学制药,66,15,10,4,15,15,7,14.0,0.9,4.3,1.2,35.5,13.69,1.86,5.1,0.6,2121,5,akshare.stock_financial_analysis_indicator,,2026-09-28
600219,南山铝业,工业金属,65,10,10,16,15,4,10,8.4,1.9,24.3,1.3,19.3,11.83,1.03,35.2,76.7,2121,5,akshare.stock_financial_analysis_indicator,,2026-09-28
002558,巨人网络,游戏Ⅱ,65,10,15,12,11,7,10,9.7,2.6,13.0,0.99,18.7,13.5,2.51,0.0,41.6,2121,5,akshare.stock_financial_analysis_indicator,,2026-09-28
603799,华友钴业,能源金属,65,15,0,20,11,15,4,13.8,-3.0,67.7,0.84,61.9,9.36,1.27,6.2,3.5,2121,5,akshare.stock_financial_analysis_indicator,,2026-09-28
601211,国泰海通,证券Ⅱ,65,5,10,20,15,15,0,7.8,0.3,28.7,2.54,83.6,9.14,0.89,1.0,12.8,2121,5,akshare.stock_financial_analysis_indicator,,2026-09-28
002422,科伦药业,化学制药,65,10,6,20,15,4,10,10.3,-0.4,28.8,1.97,26.5,33.57,2.49,70.7,60.3,2121,5,akshare.stock_financial_analysis_indicator,,2026-09-28
600150,中国船舶,航海装备Ⅱ,65,0,15,20,15,11,4,3.9,4.0,141.7,3.39,64.4,20.43,1.88,25.5,39.6,2121,5,akshare.stock_financial_analysis_indicator,,2026-09-28
600958,东方证券,证券Ⅱ,65,5,10,20,15,15,0,5.3,0.2,26.9,2.75,83.0,10.91,0.89,0.0,1.2,2121,5,akshare.stock_financial_analysis_indicator,,2026-09-28
002714,牧原股份,养殖业,64,15,15,0,15,15,4,13.8,14.2,-30.9,1.89,54.2,-214.84,3.04,13.5,10.8,2121,5,akshare.stock_financial_analysis_indicator,,2026-09-28
002602,世纪华通,游戏Ⅱ,64,0,15,20,15,4,10,0.7,18.2,32.7,2.99,29.7,13.72,2.99,11.4,65.2,2121,5,akshare.stock_financial_analysis_indicator,,2026-09-28
002415,海康威视,计算机设备,64,20,0,4,15,15,10,19.1,-5.3,4.3,1.04,33.9,17.94,3.49,4.0,11.4,2121,5,akshare.stock_financial_analysis_indicator,,2026-09-28
300059,东方财富,证券Ⅱ,63,15,6,16,11,15,0,13.8,-2.1,23.6,0.92,76.6,19.39,2.87,0.0,6.6,2121,5,akshare.stock_financial_analysis_indicator,,2026-09-28
601898,中煤能源,煤炭开采,63,15,6,20,15,0,7,12.6,-1.1,26.5,1.73,45.8,10.26,1.13,48.4,86.5,2121,5,akshare.stock_financial_analysis_indicator,,2026-09-28
601127,赛力斯,乘用车,63,0,15,20,15,11,2,-3.0,57.5,29.7,4.73,70.9,60.47,2.1,95.7,7.9,2121,5,akshare.stock_financial_analysis_indicator,,2026-09-28
001391,国货航,物流,63,15,0,8,15,15,10,12.8,-6.7,8.3,1.52,10.4,20.56,1.74,3.8,0.0,424,5,akshare.stock_financial_analysis_indicator,,2026-09-28
000858,五粮液,白酒Ⅱ,62,25,0,0,15,15,7,20.3,-7.8,-4.5,1.5,35.7,20.44,2.26,21.0,0.1,2121,5,akshare.stock_financial_analysis_indicator,,2026-09-28
601857,中国石油,炼化及贸易,62,10,10,20,15,0,7,10.0,0.6,58.2,2.5,36.4,11.63,1.25,50.3,91.7,2121,5,akshare.stock_financial_analysis_indicator,,2026-09-28
000425,徐工机械,工程机械,62,10,6,12,15,15,4,10.8,-0.5,14.9,1.11,64.0,13.39,1.28,26.9,24.1,2121,5,akshare.stock_financial_analysis_indicator,,2026-09-28
600438,通威股份,光伏设备,62,10,0,20,15,15,2,9.4,-48.3,54.4,1.3,72.6,-5.12,1.54,23.4,1.6,2121,5,akshare.stock_financial_analysis_indicator,,2026-09-28
688041,海光信息,半导体,61,5,15,20,7,4,10,7.7,4.6,75.3,0.55,27.1,177.92,22.03,62.0,75.0,1001,5,akshare.stock_financial_analysis_indicator,,2026-09-28
603019,中科曙光,计算机设备,61,10,10,16,11,7,7,9.4,0.2,20.2,0.83,43.7,48.4,5.08,39.0,49.6,2121,5,akshare.stock_financial_analysis_indicator,,2026-09-28
688012,中微公司,半导体,61,10,10,20,7,4,10,8.5,0.5,38.4,0.6,23.8,73.47,10.35,35.8,69.8,1745,5,akshare.stock_financial_analysis_indicator,,2026-09-28
002837,英维克,专用设备,61,15,15,20,7,0,4,13.8,2.6,25.0,0.73,55.3,141.57,19.39,89.1,87.6,2121,5,akshare.stock_financial_analysis_indicator,,2026-09-28
002371,北方华创,半导体,61,15,15,20,3,4,4,13.4,4.9,59.4,0.06,51.1,80.93,11.35,41.2,75.7,2121,5,akshare.stock_financial_analysis_indicator,,2026-09-28
300408,三环集团,元件,61,10,10,16,15,0,10,10.6,1.6,15.5,1.05,18.3,69.63,10.19,96.2,97.3,2121,5,akshare.stock_financial_analysis_indicator,,2026-09-28
600845,宝信软件,IT服务Ⅱ,61,20,0,4,15,15,7,19.3,-5.7,4.3,1.09,46.5,39.62,4.64,26.6,16.9,2121,5,akshare.stock_financial_analysis_indicator,,2026-09-28
000166,申万宏源,证券Ⅱ,61,5,10,16,15,15,0,6.2,0.9,22.2,4.92,81.1,9.92,0.95,0.0,0.1,2121,5,akshare.stock_financial_analysis_indicator,,2026-09-28
600111,北方稀土,小金属,61,20,0,20,7,7,7,17.6,-18.0,102.8,0.68,35.9,38.12,4.9,23.5,55.9,2121,5,akshare.stock_financial_analysis_indicator,,2026-09-28
002625,光启技术,航空装备Ⅱ,60,5,15,20,3,7,10,5.8,2.4,35.5,0.21,19.0,78.09,4.93,15.0,59.0,2121,5,akshare.stock_financial_analysis_indicator,,2026-09-28
603392,万泰生物,医疗器械,60,20,0,0,15,15,10,18.2,-32.4,-61.2,1.54,14.3,-88.22,2.88,31.3,0.6,1557,5,akshare.stock_financial_analysis_indicator,,2026-09-28
600941,中国移动,通信服务,60,10,10,4,15,11,10,10.0,0.0,4.9,2.25,33.2,16.08,1.49,57.4,36.4,1147,5,akshare.stock_financial_analysis_indicator,,2026-09-28
600886,国投电力,电力,60,10,15,12,15,4,4,8.9,2.6,14.1,2.37,60.5,17.2,1.85,66.1,78.4,2121,5,akshare.stock_financial_analysis_indicator,,2026-09-28
000338,潍柴动力,汽车零部件,60,10,15,12,15,4,4,11.2,2.1,14.4,1.45,64.3,16.38,2.21,74.2,67.5,2121,5,akshare.stock_financial_analysis_indicator,,2026-09-28
600085,同仁堂,中药Ⅱ,60,10,6,4,15,15,10,11.3,-2.0,2.1,1.19,30.2,32.98,2.35,24.4,0.8,2121,5,akshare.stock_financial_analysis_indicator,,2026-09-28
600570,恒生电子,软件开发,60,20,0,4,11,15,10,16.8,-7.5,1.8,0.84,32.5,29.87,3.79,6.5,0.2,2121,5,akshare.stock_financial_analysis_indicator,,2026-09-28
002142,宁波银行,银行Ⅱ,59,15,6,12,15,11,0,13.5,-1.7,14.6,3.94,93.1,7.33,0.94,35.8,31.4,2121,5,akshare.stock_financial_analysis_indicator,,2026-09-28
688271,联影医疗,医疗器械,59,15,0,16,3,15,10,12.6,-8.5,19.7,0.42,34.2,49.35,3.96,19.9,3.6,995,5,akshare.stock_financial_analysis_indicator,,2026-09-28
601318,中国平安,保险Ⅱ,59,10,15,4,15,15,0,11.8,3.0,1.7,3.07,89.8,5.96,0.92,0.0,15.5,2121,5,akshare.stock_financial_analysis_indicator,,2026-09-28
601225,陕西煤业,煤炭开采,59,25,0,12,15,0,7,24.9,-6.6,14.1,1.23,41.8,12.29,2.48,88.4,88.2,2121,5,akshare.stock_financial_analysis_indicator,,2026-09-28
600018,上港集团,航运港口,59,15,0,12,7,15,10,12.3,-3.2,14.0,0.79,29.7,8.92,0.85,32.7,6.9,2121,5,akshare.stock_financial_analysis_indicator,,2026-09-28
601872,招商轮船,航运港口,59,15,6,16,15,0,7,13.8,-0.7,17.6,1.62,46.7,15.37,3.56,52.1,99.3,2121,5,akshare.stock_financial_analysis_indicator,,2026-09-28
601018,宁波港,航运港口,59,5,6,8,15,15,10,6.5,-0.3,8.8,1.56,27.0,13.05,0.82,4.5,2.6,2121,5,akshare.stock_financial_analysis_indicator,,2026-09-28
600036,招商银行,银行Ⅱ,59,15,6,8,15,15,0,13.0,-2.2,9.4,2.8,90.2,6.76,0.9,30.8,15.7,2121,5,akshare.stock_financial_analysis_indicator,,2026-09-28
600803,新奥股份,燃气Ⅱ,59,25,0,8,15,7,4,25.8,-11.2,6.5,1.32,53.2,13.3,2.47,55.5,40.4,2121,5,akshare.stock_financial_analysis_indicator,,2026-09-28
600741,华域汽车,汽车零部件,59,15,6,4,15,15,4,12.1,-2.3,3.6,1.2,64.3,6.79,0.71,2.5,0.2,2121,5,akshare.stock_financial_analysis_indicator,,2026-09-28
600050,中国联通,通信服务,59,0,10,12,15,15,7,5.0,0.7,10.8,5.66,43.9,18.67,0.75,35.9,8.3,2121,5,akshare.stock_financial_analysis_indicator,,2026-09-28
600030,中信证券,证券Ⅱ,58,10,6,16,15,11,0,8.7,-0.5,17.4,2.55,84.3,10.22,1.37,0.0,35.5,2121,5,akshare.stock_financial_analysis_indicator,,2026-09-28
600930,华电新能,电力,58,10,0,20,15,11,2,9.7,-4.8,30.3,2.57,70.4,32.69,1.43,69.7,0.0,294,5,akshare.stock_financial_analysis_indicator,,2026-09-28
601456,国联民生,证券Ⅱ,58,0,6,20,15,15,2,4.0,-1.6,77.1,5.24,74.0,21.19,0.93,0.1,0.5,1495,5,akshare.stock_financial_analysis_indicator,,2026-09-28
600999,招商证券,证券Ⅱ,58,10,10,8,15,15,0,8.3,0.3,7.5,2.0,81.7,8.27,1.17,0.0,15.4,2121,5,akshare.stock_financial_analysis_indicator,,2026-09-28
000708,中信特钢,特钢Ⅱ,58,20,0,4,15,15,4,17.0,-6.5,1.6,1.95,58.8,10.55,1.47,9.5,23.1,2121,5,akshare.stock_financial_analysis_indicator,,2026-09-28
603260,合盛硅业,化学制品,57,15,0,16,7,15,4,13.1,-26.0,16.7,0.67,65.0,-16.1,1.23,7.9,0.0,2121,5,akshare.stock_financial_analysis_indicator,,2026-09-28
001965,招商公路,铁路公路,57,10,6,16,11,7,7,8.1,-2.1,23.1,0.93,43.6,14.21,0.97,71.7,40.1,2121,5,akshare.stock_financial_analysis_indicator,,2026-09-28
601059,信达证券,证券Ⅱ,57,5,6,16,15,15,0,7.8,-2.6,19.4,2.51,77.9,25.66,2.35,5.1,5.8,890,5,akshare.stock_financial_analysis_indicator,,2026-09-28
601901,方正证券,证券Ⅱ,57,5,10,20,7,15,0,5.3,1.5,30.6,0.61,81.2,11.99,1.03,0.0,0.5,2121,5,akshare.stock_financial_analysis_indicator,,2026-09-28
600900,长江电力,电力,57,15,15,8,15,0,4,14.1,2.3,6.9,1.73,58.3,19.3,3.23,53.3,86.1,2121,5,akshare.stock_financial_analysis_indicator,,2026-09-28
603296,华勤技术,消费电子,56,20,0,16,11,7,2,16.4,-3.5,15.1,0.85,72.6,21.96,3.53,43.0,58.1,762,5,akshare.stock_financial_analysis_indicator,,2026-09-28
002179,中航光电,军工电子Ⅱ,56,15,0,12,7,15,7,13.7,-3.5,12.7,0.77,38.5,37.9,2.88,55.4,0.4,2121,5,akshare.stock_financial_analysis_indicator,,2026-09-28
601985,中国核电,电力,56,10,6,12,15,11,2,9.6,-2.9,11.5,2.43,69.0,25.43,1.56,99.3,38.3,2121,5,akshare.stock_financial_analysis_indicator,,2026-09-28
600549,厦门钨业,小金属,56,15,6,20,11,0,4,13.2,-1.8,30.5,0.83,52.4,19.5,3.69,25.2,80.7,2121,5,akshare.stock_financial_analysis_indicator,,2026-09-28
600918,中泰证券,证券Ⅱ,56,0,6,20,15,15,0,4.0,-2.5,29.9,11.28,79.1,17.08,0.94,0.4,0.6,1535,5,akshare.stock_financial_analysis_indicator,,2026-09-28
688072,拓荆科技,半导体,56,10,15,20,7,0,4,11.4,3.5,140.8,0.76,64.1,87.82,15.02,38.7,82.8,1079,5,akshare.stock_financial_analysis_indicator,,2026-09-28
000657,中钨高新,小金属,56,10,15,20,7,0,4,10.9,3.1,43.7,0.79,50.8,43.16,10.76,57.1,93.1,2121,5,akshare.stock_financial_analysis_indicator,,2026-09-28
601888,中国中免,旅游零售Ⅱ,55,15,0,0,15,15,10,13.9,-11.4,-4.2,1.1,18.5,25.78,1.84,7.4,0.0,2121,5,akshare.stock_financial_analysis_indicator,,2026-09-28
601816,京沪高铁,铁路公路,55,0,15,0,15,15,10,4.2,3.6,-12.7,2.18,20.1,17.16,1.12,1.5,1.8,1624,5,akshare.stock_financial_analysis_indicator,,2026-09-28
600025,华能水电,电力,55,10,10,12,15,4,4,10.4,0.7,11.9,2.2,61.1,22.23,2.63,80.4,75.1,2121,5,akshare.stock_financial_analysis_indicator,,2026-09-28
301165,锐捷网络,通信设备,55,20,0,16,15,0,4,15.8,-4.3,21.2,1.26,51.2,121.48,21.36,93.2,94.2,936,5,akshare.stock_financial_analysis_indicator,,2026-09-28
688082,盛美上海,半导体,55,10,15,20,0,0,10,11.4,2.1,54.1,-0.07,28.7,82.17,9.5,74.7,88.3,1180,5,akshare.stock_financial_analysis_indicator,,2026-09-28
600362,江西铜业,工业金属,55,10,10,20,11,0,4,8.7,0.2,33.3,0.85,57.0,12.23,1.62,34.3,89.4,2121,5,akshare.stock_financial_analysis_indicator,,2026-09-28
600176,中国巨石,玻璃玻纤,54,20,0,20,7,0,7,16.0,-11.1,25.5,0.78,40.4,34.69,4.74,91.9,95.5,2121,5,akshare.stock_financial_analysis_indicator,,2026-09-28
000768,中航西飞,航空装备Ⅱ,54,0,10,12,15,15,2,4.4,1.1,12.0,3.87,71.5,66.94,2.85,14.0,24.6,2121,5,akshare.stock_financial_analysis_indicator,,2026-09-28
601088,中国神华,煤炭开采,54,15,6,8,15,0,10,14.5,-1.9,7.7,1.36,23.3,19.44,2.33,98.8,99.2,2121,5,akshare.stock_financial_analysis_indicator,,2026-09-28
601009,南京银行,银行Ⅱ,54,10,6,12,15,11,0,11.4,-1.3,11.0,4.22,93.0,6.44,0.76,70.2,30.2,2121,5,akshare.stock_financial_analysis_indicator,,2026-09-28
600029,南方航空,航空机场,54,0,15,20,15,4,0,-22.3,35.1,1643.5,109.21,84.3,-66.88,2.9,8.6,70.9,2121,5,akshare.stock_financial_analysis_indicator,,2026-09-28
000001,平安银行,银行Ⅱ,54,10,6,8,15,15,0,9.3,-1.8,8.9,1.69,90.7,5.05,0.47,28.2,7.4,2121,5,akshare.stock_financial_analysis_indicator,,2026-09-28
601995,中金公司,证券Ⅱ,53,5,6,12,15,15,0,7.9,-2.3,13.0,4.49,84.1,10.78,1.41,0.0,0.0,1435,5,akshare.stock_financial_analysis_indicator,,2026-09-28
600031,三一重工,工程机械,53,10,6,0,15,15,7,10.0,-1.8,-2.1,1.58,48.4,17.79,1.72,37.4,2.3,2121,5,akshare.stock_financial_analysis_indicator,,2026-09-28
601788,光大证券,证券Ⅱ,53,5,6,12,15,15,0,5.4,-1.0,12.3,4.68,77.1,14.66,1.02,0.5,8.4,2121,5,akshare.stock_financial_analysis_indicator,,2026-09-28
601838,成都银行,银行Ⅱ,53,20,6,16,0,11,0,15.3,-2.2,17.6,-0.64,92.9,5.95,0.88,50.1,33.6,2100,5,akshare.stock_financial_analysis_indicator,,2026-09-28
601766,中国中车,轨交设备Ⅱ,53,5,10,4,15,15,4,7.3,0.3,4.5,1.5,60.8,12.61,1.0,5.3,13.3,2121,5,akshare.stock_financial_analysis_indicator,,2026-09-28
601878,浙商证券,证券Ⅱ,53,5,6,12,15,15,0,6.8,-1.3,14.3,1.26,78.9,14.06,1.08,0.0,0.0,2121,5,akshare.stock_financial_analysis_indicator,,2026-09-28
601881,中国银河,证券Ⅱ,53,5,6,12,15,15,0,8.0,-0.2,14.2,1.85,82.7,9.16,1.05,3.6,2.5,2121,5,akshare.stock_financial_analysis_indicator,,2026-09-28
300803,指南针,软件开发,52,10,0,20,15,7,0,10.1,-6.1,54.2,15.91,81.9,229.13,15.09,63.4,57.4,1666,5,akshare.stock_financial_analysis_indicator,,2026-09-28
000625,长安汽车,乘用车,52,10,0,12,15,11,4,9.9,-4.1,12.7,2.11,59.6,26.86,0.92,74.6,15.4,2121,5,akshare.stock_financial_analysis_indicator,,2026-09-28
600196,复星医药,化学制药,52,5,6,4,15,15,7,7.7,-2.2,4.3,1.11,48.5,18.31,1.27,6.0,4.1,2121,5,akshare.stock_financial_analysis_indicator,,2026-09-28
601117,中国化学,专业工程,52,10,6,12,7,15,2,9.6,-0.4,13.4,0.77,69.9,6.72,0.62,0.2,0.0,2121,5,akshare.stock_financial_analysis_indicator,,2026-09-28
300498,温氏股份,养殖业,52,0,15,0,15,15,7,-2.5,33.3,-179.1,2.05,49.8,-38.54,2.83,5.1,29.0,2121,5,akshare.stock_financial_analysis_indicator,,2026-09-28
601100,恒立液压,工程机械,52,20,0,4,11,7,10,19.4,-5.9,4.5,0.93,20.0,44.02,6.74,68.0,47.9,2121,5,akshare.stock_financial_analysis_indicator,,2026-09-28
300450,先导智能,电池,52,15,0,20,0,15,2,13.4,-10.3,105.2,-0.32,66.4,29.35,2.9,20.9,11.8,2121,5,akshare.stock_financial_analysis_indicator,,2026-09-28
601728,中国电信,通信服务,52,5,10,8,15,7,7,6.8,0.8,9.8,4.6,46.2,19.22,1.21,77.8,55.9,1237,5,akshare.stock_financial_analysis_indicator,,2026-09-28
601877,正泰电器,电网设备,52,10,6,4,15,15,2,10.1,-0.7,2.0,2.1,66.1,10.36,1.14,0.4,12.4,2121,5,akshare.stock_financial_analysis_indicator,,2026-09-28
601136,首创证券,证券Ⅱ,51,5,10,16,3,15,2,6.8,1.2,15.9,0.42,73.7,30.58,2.73,0.0,1.6,913,5,akshare.stock_financial_analysis_indicator,,2026-09-28
002353,杰瑞股份,专用设备,51,15,6,12,11,0,7,12.5,-0.8,10.9,0.86,38.9,42.89,4.85,82.6,94.0,2121,5,akshare.stock_financial_analysis_indicator,,2026-09-28
688981,中芯国际,半导体,50,5,0,20,15,0,10,5.6,-4.5,34.2,2.99,33.0,138.47,5.82,63.1,81.9,1506,5,akshare.stock_financial_analysis_indicator,,2026-09-28
601066,中信建投,证券Ⅱ,50,10,6,4,15,15,0,8.6,-2.0,1.6,3.28,82.4,14.21,2.04,0.3,10.4,2010,5,akshare.stock_financial_analysis_indicator,,2026-09-28
601658,邮储银行,银行Ⅱ,50,10,6,8,15,11,0,8.8,-1.7,6.6,3.87,93.8,7.12,0.61,74.7,21.9,1650,5,akshare.stock_financial_analysis_indicator,,2026-09-28
002600,领益智造,消费电子,50,10,6,8,15,7,4,9.3,-0.2,6.7,2.05,57.9,45.97,3.09,69.4,45.6,2121,5,akshare.stock_financial_analysis_indicator,,2026-09-28
600039,四川路桥,基础建设,50,20,0,20,3,7,0,19.2,-8.0,29.8,0.45,79.1,9.85,1.49,53.9,57.0,2121,5,akshare.stock_financial_analysis_indicator,,2026-09-28
688472,阿特斯,光伏设备,50,5,10,20,0,11,4,7.0,0.1,967.3,-5.18,63.7,51.0,1.31,94.3,0.2,802,5,akshare.stock_financial_analysis_indicator,,2026-09-28
600023,浙能电力,电力,49,5,15,0,15,7,7,5.2,8.4,-43.9,1.5,42.5,12.61,0.94,59.8,55.7,2121,5,akshare.stock_financial_analysis_indicator,,2026-09-28
600522,中天科技,通信设备,49,5,10,20,7,0,7,7.3,1.0,201.7,0.78,38.1,28.72,2.78,80.4,91.9,2121,5,akshare.stock_financial_analysis_indicator,,2026-09-28
600015,华夏银行,银行Ⅱ,49,5,6,8,15,15,0,7.7,-0.8,5.2,3.9,91.6,3.92,0.31,35.1,0.0,2121,5,akshare.stock_financial_analysis_indicator,,2026-09-28
601607,上海医药,医药商业,49,5,6,8,11,15,4,7.6,-1.1,5.9,0.87,61.5,12.35,0.75,27.5,0.1,2121,5,akshare.stock_financial_analysis_indicator,,2026-09-28
601021,春秋航空,航空机场,49,0,15,0,15,15,4,3.7,15.4,-2746.4,13.39,61.3,18.06,2.24,40.9,4.6,2121,5,akshare.stock_financial_analysis_indicator,,2026-09-28
600010,包钢股份,普钢,49,0,6,20,15,4,4,1.2,-1.0,490.5,22.83,59.5,185.71,1.78,86.7,70.2,2121,5,akshare.stock_financial_analysis_indicator,,2026-09-28
600482,中国动力,其他电源设备Ⅱ,49,0,10,20,15,0,4,2.3,1.8,65.2,5.7,54.1,45.18,1.86,47.1,96.4,2121,5,akshare.stock_financial_analysis_indicator,,2026-09-28
000725,京东方A,光学光电子,48,5,0,20,15,4,4,6.8,-4.3,377.1,31.71,52.5,27.34,1.61,48.4,72.3,2121,5,akshare.stock_financial_analysis_indicator,,2026-09-28
300433,蓝思科技,消费电子,48,5,10,4,15,4,10,6.3,1.7,2.6,3.07,34.7,48.32,3.16,78.5,71.3,2121,5,akshare.stock_financial_analysis_indicator,,2026-09-28
600584,长电科技,半导体,48,10,0,16,15,0,7,8.8,-5.3,17.7,2.79,43.6,60.38,4.05,70.9,84.4,2121,5,akshare.stock_financial_analysis_indicator,,2026-09-28
002938,鹏鼎控股,元件,48,15,0,8,15,0,10,13.0,-3.2,9.2,1.97,28.9,48.73,5.37,94.7,83.4,1946,5,akshare.stock_financial_analysis_indicator,,2026-09-28
600919,江苏银行,银行Ⅱ,47,10,6,16,15,0,0,11.1,-1.5,18.7,5.34,92.9,6.21,0.83,84.1,91.2,2121,5,akshare.stock_financial_analysis_indicator,,2026-09-28
000988,华工科技,自动化设备,47,10,10,16,7,0,4,11.5,1.9,22.2,0.74,51.4,53.34,7.79,86.7,92.3,2121,5,akshare.stock_financial_analysis_indicator,,2026-09-28
600019,宝钢股份,普钢,46,5,0,8,15,11,7,6.7,-3.9,7.1,2.69,38.0,12.59,0.61,64.8,7.6,2121,5,akshare.stock_financial_analysis_indicator,,2026-09-28
601825,沪农商行,银行Ⅱ,46,10,6,8,15,7,0,10.3,-1.0,8.7,3.43,91.7,6.71,0.62,69.5,47.3,1238,5,akshare.stock_financial_analysis_indicator,,2026-09-28
000063,中兴通讯,通信设备,46,10,0,8,15,11,2,11.9,-4.1,7.1,1.43,65.3,44.46,1.95,95.5,10.9,2121,5,akshare.stock_financial_analysis_indicator,,2026-09-28
600585,海螺水泥,水泥,46,10,0,0,15,11,10,8.1,-6.6,-23.7,1.6,20.4,14.22,0.46,82.1,0.0,2121,5,akshare.stock_financial_analysis_indicator,,2026-09-28
600104,上汽集团,乘用车,46,0,0,16,15,11,4,4.7,-4.6,19.9,3.4,62.4,13.4,0.41,79.6,2.6,2121,5,akshare.stock_financial_analysis_indicator,,2026-09-28
002736,国信证券,证券Ⅱ,46,5,10,16,0,15,0,7.5,0.4,16.3,-0.73,77.2,8.67,1.02,0.0,5.0,2121,5,akshare.stock_financial_analysis_indicator,,2026-09-28
688396,华润微,半导体,45,5,0,4,15,11,10,7.9,-7.9,2.7,2.15,18.7,71.63,3.19,54.7,33.8,1600,5,akshare.stock_financial_analysis_indicator,,2026-09-28
000157,中联重科,工程机械,45,5,10,4,7,15,4,7.2,0.1,3.2,0.73,55.0,12.16,0.89,25.5,13.3,2121,5,akshare.stock_financial_analysis_indicator,,2026-09-28
601377,兴业证券,证券Ⅱ,45,5,6,4,15,15,0,5.7,-2.5,0.3,3.81,80.7,13.51,0.88,12.6,6.3,2121,5,akshare.stock_financial_analysis_indicator,,2026-09-28
000630,铜陵有色,工业金属,45,10,0,20,11,0,4,9.7,-3.8,53.0,0.98,53.6,19.23,2.0,42.1,88.3,2121,5,akshare.stock_financial_analysis_indicator,,2026-09-28
601669,中国电建,基础建设,45,5,6,4,15,15,0,7.2,-0.9,1.3,1.66,79.6,9.27,0.53,53.5,0.0,2121,5,akshare.stock_financial_analysis_indicator,,2026-09-28
601916,浙商银行,银行Ⅱ,45,5,6,4,15,15,0,7.6,-1.2,1.9,2.61,94.0,5.92,0.43,56.8,2.5,1660,5,akshare.stock_financial_analysis_indicator,,2026-09-28
601688,华泰证券,证券Ⅱ,45,5,10,8,7,15,0,7.7,0.4,9.6,0.77,80.8,7.85,0.9,0.0,24.6,2121,5,akshare.stock_financial_analysis_indicator,,2026-09-28
000100,TCL科技,光学光电子,44,5,0,16,15,4,4,7.7,-4.2,21.9,55.91,64.2,16.35,1.68,38.8,62.9,2121,5,akshare.stock_financial_analysis_indicator,,2026-09-28
302132,中航成飞,航空装备Ⅱ,44,10,10,20,0,4,0,9.5,1.4,583.0,-0.12,79.5,48.61,7.51,71.1,60.9,2121,5,akshare.stock_financial_analysis_indicator,,2026-09-28
002230,科大讯飞,软件开发,44,0,6,4,15,15,4,4.8,-1.7,3.2,2.22,55.7,102.32,3.92,29.5,0.0,2121,5,akshare.stock_financial_analysis_indicator,,2026-09-28
688506,百利天恒,生物制品,44,0,15,0,15,7,7,-99.0,231.2,-246.0,1.09,42.1,-62.88,21.45,67.6,40.8,903,5,akshare.stock_financial_analysis_indicator,,2026-09-28
600028,中国石化,炼化及贸易,43,5,0,8,15,11,4,7.0,-3.4,5.7,2.74,54.1,18.16,0.77,86.7,39.0,2121,5,akshare.stock_financial_analysis_indicator,,2026-09-28
601077,渝农商行,银行Ⅱ,43,10,6,8,15,4,0,8.9,-0.2,7.8,3.0,91.6,6.0,0.54,68.6,62.8,1680,5,akshare.stock_financial_analysis_indicator,,2026-09-28
601998,中信银行,银行Ⅱ,43,10,6,8,15,4,0,9.0,-0.7,7.7,1.07,91.6,7.03,0.68,93.5,79.0,2121,5,akshare.stock_financial_analysis_indicator,,2026-09-28
002304,洋河股份,白酒Ⅱ,43,15,0,0,7,11,10,14.9,-10.1,-13.7,0.68,20.0,120.13,1.18,99.0,0.0,2121,5,akshare.stock_financial_analysis_indicator,,2026-09-28
600795,国电电力,电力,42,10,15,0,15,0,2,8.7,10.2,-12.1,4.14,73.4,14.84,1.6,39.9,86.7,2121,5,akshare.stock_financial_analysis_indicator,,2026-09-28
601166,兴业银行,银行Ⅱ,42,10,6,4,7,15,0,9.8,-2.3,3.7,0.51,91.8,4.98,0.45,35.2,4.1,2121,5,akshare.stock_financial_analysis_indicator,,2026-09-28
601111,中国国航,航空机场,42,0,15,20,0,7,0,-39.6,62.2,35.8,,88.6,-52.45,1.97,18.0,43.5,2121,5,akshare.stock_financial_analysis_indicator,净利润增速由新浪利润表补充,2026-09-28
000776,广发证券,证券Ⅱ,41,5,10,12,3,11,0,7.4,0.3,10.0,0.26,83.3,8.21,1.12,0.0,37.5,2121,5,akshare.stock_financial_analysis_indicator,,2026-09-28
301269,华大九天,软件开发,41,5,0,0,15,11,10,5.1,-5.7,-2.8,2.92,16.8,3685.27,9.15,98.3,14.3,1011,5,akshare.stock_financial_analysis_indicator,,2026-09-28
003816,中国广核,电力,41,10,6,4,15,4,2,9.1,-1.0,0.2,2.09,65.2,21.68,1.74,89.0,78.5,1720,5,akshare.stock_financial_analysis_indicator,,2026-09-28
600027,华电国际,电力,41,0,15,0,15,7,4,3.2,9.1,-51.5,2.82,61.4,10.77,1.14,52.3,55.0,2121,5,akshare.stock_financial_analysis_indicator,,2026-09-28
688009,中国通号,轨交设备Ⅱ,41,5,6,4,7,15,4,7.5,-0.3,0.4,0.55,55.7,13.94,1.05,10.5,1.3,1745,5,akshare.stock_financial_analysis_indicator,,2026-09-28
600061,国投资本,多元金融,41,5,6,0,15,15,0,6.1,-1.3,-3.0,3.42,81.0,10.31,0.72,3.5,1.3,2121,5,akshare.stock_financial_analysis_indicator,,2026-09-28
601006,大秦铁路,铁路公路,41,5,0,0,15,11,10,7.3,-4.3,-9.4,1.11,15.2,15.29,0.56,85.4,0.2,2121,5,akshare.stock_financial_analysis_indicator,,2026-09-28
600905,三峡能源,电力,41,5,0,8,15,11,2,7.5,-3.1,7.4,2.56,71.9,90.21,1.14,98.4,0.0,1287,5,akshare.stock_financial_analysis_indicator,,2026-09-28
600674,川投能源,电力,41,10,6,8,3,4,10,10.7,-0.1,9.1,0.17,33.5,17.46,1.81,87.8,67.3,2121,5,akshare.stock_financial_analysis_indicator,,2026-09-28
600875,东方电气,其他电源设备Ⅱ,41,10,6,16,7,0,2,8.1,-0.2,16.5,0.72,70.4,16.95,1.7,25.2,80.2,2121,5,akshare.stock_financial_analysis_indicator,,2026-09-28
601390,中国中铁,基础建设,40,10,0,4,11,15,0,8.9,-3.1,0.3,0.94,78.1,5.25,0.32,36.8,0.1,2121,5,akshare.stock_financial_analysis_indicator,,2026-09-28
300999,金龙鱼,农产品加工,40,0,6,0,15,15,4,3.4,-0.8,-9.5,2.47,55.9,35.51,1.34,0.5,0.5,1447,5,akshare.stock_financial_analysis_indicator,,2026-09-28
002202,金风科技,风电设备,40,5,6,8,15,4,2,6.2,-0.9,7.0,1.49,71.7,23.16,1.85,72.2,64.5,2121,5,akshare.stock_financial_analysis_indicator,,2026-09-28
600372,中航机载,航空装备Ⅱ,40,5,0,20,0,11,4,5.0,-3.7,28.3,-0.18,52.1,52.62,1.43,74.8,3.3,2121,5,akshare.stock_financial_analysis_indicator,,2026-09-28
600460,士兰微,半导体,40,10,0,0,15,11,4,8.6,-10.0,-68.6,3.89,52.1,80.43,4.23,34.5,30.3,2121,5,akshare.stock_financial_analysis_indicator,,2026-09-28
601012,隆基绿能,光伏设备,39,5,0,0,15,15,4,6.5,-32.4,-35.5,1.26,64.4,-10.87,1.7,23.6,2.9,2121,5,akshare.stock_financial_analysis_indicator,,2026-09-28
601698,中国卫通,航天装备Ⅱ,39,0,6,4,15,4,10,3.8,-1.6,2.7,2.76,9.6,260.27,6.13,85.2,75.8,1761,5,akshare.stock_financial_analysis_indicator,,2026-09-28
601288,农业银行,银行Ⅱ,39,10,6,8,15,0,0,9.3,-0.5,6.2,4.98,93.4,8.06,0.84,91.2,83.0,2121,5,akshare.stock_financial_analysis_indicator,,2026-09-28
601328,交通银行,银行Ⅱ,39,10,6,4,15,4,0,8.3,-0.9,4.0,1.17,91.8,6.88,0.57,94.3,67.5,2121,5,akshare.stock_financial_analysis_indicator,,2026-09-28
000301,东方盛虹,炼化及贸易,39,0,0,20,15,4,0,2.7,-9.8,261.7,37.59,81.4,20.59,2.31,35.0,65.1,2121,5,akshare.stock_financial_analysis_indicator,,2026-09-28
601398,工商银行,银行Ⅱ,39,10,6,4,15,4,0,9.5,-1.1,3.2,3.1,92.0,7.76,0.73,96.0,70.7,2121,5,akshare.stock_financial_analysis_indicator,,2026-09-28
601939,建设银行,银行Ⅱ,39,10,6,4,15,4,0,10.6,-1.5,4.5,2.72,91.9,8.31,0.8,97.7,74.9,2121,5,akshare.stock_financial_analysis_indicator,,2026-09-28
600011,华能国际,电力,39,0,15,0,15,7,2,1.5,12.1,-76.2,4.01,65.3,9.29,1.69,30.0,48.4,2121,5,akshare.stock_financial_analysis_indicator,,2026-09-28
300413,芒果超媒,数字媒体,38,10,0,4,3,11,10,10.0,-7.2,3.3,0.37,29.4,52.74,1.52,66.0,3.9,2121,5,akshare.stock_financial_analysis_indicator,,2026-09-28
600221,海航控股,航空机场,37,0,15,0,15,7,0,-334.5,555.1,-641.9,14.61,96.5,23.85,9.52,75.7,57.1,2121,5,akshare.stock_financial_analysis_indicator,,2026-09-28
600000,浦发银行,银行Ⅱ,37,5,6,0,15,11,0,6.3,-0.2,-1.5,2.56,91.8,5.96,0.4,66.1,28.1,2121,5,akshare.stock_financial_analysis_indicator,,2026-09-28
601868,中国能建,基础建设,37,5,6,4,11,11,0,6.8,-1.2,2.9,0.93,77.7,19.64,0.88,90.1,15.8,1212,5,akshare.stock_financial_analysis_indicator,,2026-09-28
601169,北京银行,银行Ⅱ,37,5,6,0,15,11,0,7.1,-1.7,-0.7,5.75,92.3,5.5,0.4,77.1,18.0,2121,5,akshare.stock_financial_analysis_indicator,,2026-09-28
600026,中远海能,航运港口,37,0,15,0,15,0,7,3.4,11.0,-38.0,2.1,46.1,17.3,2.41,45.3,93.5,2121,5,akshare.stock_financial_analysis_indicator,,2026-09-28
600048,保利发展,房地产开发,37,5,0,0,15,15,2,6.5,-8.3,-32.5,1.0,72.3,-211.56,0.35,2.9,3.8,2121,5,akshare.stock_financial_analysis_indicator,,2026-09-28
600515,海南机场,航空机场,35,0,0,20,0,11,4,3.5,-3.5,46.9,-0.28,54.6,144.94,1.26,90.8,26.0,2121,5,akshare.stock_financial_analysis_indicator,,2026-09-28
301236,软通动力,IT服务Ⅱ,35,5,0,0,15,11,4,7.4,-9.3,-22.9,1.53,61.0,437.84,2.81,90.4,32.5,1103,5,akshare.stock_financial_analysis_indicator,,2026-09-28
601988,中国银行,银行Ⅱ,35,10,6,4,15,0,0,8.6,-0.9,4.7,2.46,91.6,8.58,0.78,99.7,94.3,2121,5,akshare.stock_financial_analysis_indicator,,2026-09-28
601818,光大银行,银行Ⅱ,35,10,6,4,0,15,0,8.1,-1.7,1.0,-0.93,91.5,5.37,0.35,59.4,0.4,2121,5,akshare.stock_financial_analysis_indicator,,2026-09-28
601727,上海电气,其他电源设备Ⅱ,34,0,15,0,15,4,0,-3.9,9.5,-85.0,4.52,75.4,73.83,1.81,75.5,77.5,2121,5,akshare.stock_financial_analysis_indicator,,2026-09-28
000977,浪潮信息,计算机设备,34,10,6,12,0,4,2,11.5,-0.5,11.2,-0.12,73.6,21.56,4.01,12.5,65.7,2121,5,akshare.stock_financial_analysis_indicator,,2026-09-28
600588,用友网络,软件开发,34,0,0,0,15,15,4,-8.2,-22.5,-205.8,1.59,57.2,-22.67,4.63,28.9,10.3,2121,5,akshare.stock_financial_analysis_indicator,,2026-09-28
601360,三六零,软件开发,34,0,10,0,3,11,10,-1.7,0.6,-218.1,0.4,21.9,82.38,2.22,93.4,27.8,2121,5,akshare.stock_financial_analysis_indicator,,2026-09-28
601800,中国交建,基础建设,33,5,6,4,3,15,0,6.8,-1.1,3.6,0.21,76.8,7.5,0.32,59.9,0.0,2121,5,akshare.stock_financial_analysis_indicator,,2026-09-28
002493,荣盛石化,炼化及贸易,33,5,0,4,15,7,2,7.9,-10.2,2.9,10.44,74.9,25.53,2.87,35.5,44.6,2121,5,akshare.stock_financial_analysis_indicator,,2026-09-28
002384,东山精密,元件,33,10,0,4,15,0,4,10.1,-6.6,3.0,2.94,64.0,85.98,12.65,87.3,94.8,2121,5,akshare.stock_financial_analysis_indicator,,2026-09-28
000617,中油资本,多元金融,32,0,6,0,15,11,0,4.9,-1.0,-9.2,1.93,83.0,16.33,0.77,65.8,26.9,2121,5,akshare.stock_financial_analysis_indicator,,2026-09-28
000938,紫光股份,IT服务Ⅱ,32,10,15,0,7,0,0,8.7,4.9,-4.5,0.57,81.8,32.0,5.04,34.5,83.7,2121,5,akshare.stock_financial_analysis_indicator,,2026-09-28
601229,上海银行,银行Ⅱ,31,10,6,4,0,11,0,9.6,-0.4,3.0,-0.36,92.2,5.57,0.53,47.0,34.8,2121,5,akshare.stock_financial_analysis_indicator,,2026-09-28
601618,中国中冶,专业工程,31,5,0,0,15,11,0,5.5,-4.8,-15.1,2.1,78.1,92.78,0.5,99.1,0.1,2121,5,akshare.stock_financial_analysis_indicator,,2026-09-28
300122,智飞生物,生物制品,30,5,0,0,3,15,7,5.6,-81.4,-143.1,0.01,49.2,-2.07,2.06,10.5,16.2,2121,5,akshare.stock_financial_analysis_indicator,,2026-09-28
688223,晶科能源,光伏设备,30,0,0,0,15,15,0,2.9,-27.1,-891.3,14.95,77.2,-5.35,1.62,30.4,0.0,1132,5,akshare.stock_financial_analysis_indicator,,2026-09-28
601186,中国铁建,基础建设,29,5,6,0,3,15,0,7.8,-2.8,-2.4,0.23,79.5,4.92,0.29,41.3,0.0,2121,5,akshare.stock_financial_analysis_indicator,,2026-09-28
301308,江波龙,半导体,28,5,15,0,0,4,4,7.3,9.4,-219.9,-2.11,63.2,11.97,7.72,44.6,75.2,1006,5,akshare.stock_financial_analysis_indicator,,2026-09-28
001979,招商蛇口,房地产开发,28,0,0,0,15,11,2,4.7,-4.0,-37.5,5.8,67.5,625.4,0.67,99.8,2.5,2121,5,akshare.stock_financial_analysis_indicator,,2026-09-28
600016,民生银行,银行Ⅱ,26,5,6,0,0,15,0,5.3,-1.1,-2.6,-0.21,91.0,5.24,0.26,59.8,0.9,2121,5,akshare.stock_financial_analysis_indicator,,2026-09-28
688126,沪硅产业,半导体,25,0,0,0,7,11,7,-2.4,-10.0,-163.2,0.58,40.3,-37.4,4.06,50.0,30.2,1564,5,akshare.stock_financial_analysis_indicator,,2026-09-28
601238,广汽集团,乘用车,25,0,0,0,3,15,7,2.3,-10.2,-34.0,0.12,49.0,-4.85,0.52,15.8,0.4,2121,5,akshare.stock_financial_analysis_indicator,,2026-09-28
688256,寒武纪,半导体,25,0,15,0,0,0,10,-9.2,22.8,-143.1,-0.24,11.9,192.5,47.32,76.8,81.1,1504,5,akshare.stock_financial_analysis_indicator,净利润增速由新浪利润表补充,2026-09-28
601668,中国建筑,房屋建设Ⅱ,24,10,0,0,3,11,0,11.8,-4.7,-4.9,0.2,76.9,5.51,0.35,75.8,0.0,2121,5,akshare.stock_financial_analysis_indicator,,2026-09-28
600118,中国卫星,航天装备Ⅱ,22,0,0,0,15,0,7,2.4,-3.1,-45.9,4.01,38.8,659.45,10.36,83.3,91.1,2121,5,akshare.stock_financial_analysis_indicator,,2026-09-28
300418,昆仑万维,数字媒体,21,0,0,0,7,4,10,1.8,-22.4,-72.4,0.68,22.7,147.83,3.5,91.1,68.5,2121,5,akshare.stock_financial_analysis_indicator,,2026-09-28
600115,中国东航,航空机场,19,0,15,4,0,0,0,-37.4,50.1,4.5,,86.7,-30.71,7.32,8.3,94.0,2121,5,akshare.stock_financial_analysis_indicator,净利润增速由新浪利润表补充,2026-09-28
688521,芯原股份,半导体,19,0,0,0,15,0,4,-10.3,-19.2,-23.2,3.61,55.7,-123.77,34.7,45.7,89.9,1483,5,akshare.stock_financial_analysis_indicator,,2026-09-28
000002,万科A,房地产开发,18,0,0,0,3,15,0,-15.3,-58.0,-105.2,0.12,76.9,-0.48,0.43,19.5,21.2,2121,5,akshare.stock_financial_analysis_indicator,,2026-09-28
688047,龙芯中科,半导体,17,0,0,0,0,7,10,-6.1,-22.8,-195.6,-7.42,20.7,-104.17,17.45,50.9,58.2,1036,5,akshare.stock_financial_analysis_indicator,,2026-09-28
600893,航发动力,航空装备Ⅱ,17,0,6,0,0,7,4,2.8,-1.5,-6.5,-3.94,60.0,149.69,2.57,86.6,49.9,2121,5,akshare.stock_financial_analysis_indicator,,2026-09-28
